report_date,tBalance,yBalance,total_purchase_amt,direct_purchase_amt,purchase_bal_amt,purchase_bank_amt,total_redeem_amt,consume_amt,transfer_amt,tftobal_amt,tftocard_amt,share_amt,category1,category2,category3,category4,active_users,purchase_users,redeem_users,date,weekday,day,month,is_weekend,is_month_start,is_month_end,days_to_month_end,purchase,redeem,avg_purchase_per_user,avg_redeem_per_user,mfd_daily_yield,mfd_7daily_yield,Interest_O_N,Interest_1_W,Interest_2_W,Interest_1_M,Interest_3_M,Interest_6_M,Interest_9_M,Interest_1_Y
20130701,252327861,225364535,32488348,32458786,21250722,11208064,5525022,382160,5142862,5142862,0,29562,0.0,89350.0,0.0,292810.0,441,308,43,2013-07-01,0,1,7,0,1,0,30,32488348,5525022,105481.64935064936,128488.88372093023,1.5787,6.307,4.456,5.423,6.04,6.88,5.295,4.239,4.282,4.4125
20130702,278810703,252327861,29037390,29007510,16561183,12446327,2554548,350066,2204482,2204482,0,29880,0.0,1650.0,0.0,348416.0,480,328,34,2013-07-02,1,2,7,0,0,0,29,29037390,2554548,88528.62804878049,75133.76470588235,1.5461,6.174,3.786,4.75,5.074,5.8,5.211,4.2344,4.2808,4.407
20130703,300127606,278810703,27270770,27234156,20493660,6740496,5953867,454406,5499461,5499461,0,36614,0.0,69764.0,0.0,384642.0,499,372,32,2013-07-03,2,3,7,0,0,0,28,27270770,5953867,73308.52150537634,186058.34375,1.467,6.034,3.4,4.242,4.658,5.2,5.148,4.23,4.2796,4.4022
20130704,312038062,300127606,18321185,18282230,12108178,6174052,6410729,535391,5875338,5875338,0,38955,25078.0,107500.0,0.0,402813.0,523,399,48,2013-07-04,3,4,7,0,0,0,27,18321185,6410729,45917.75689223058,133556.85416666666,1.4223,5.903,3.348,3.938,4.464,5.102,5.029,4.2287,4.2776,4.4
20130705,320923224,312038062,11648749,11607991,6930431,4677560,2763587,697926,2065661,2065661,0,40758,0.0,51100.0,0.0,646826.0,544,417,39,2013-07-05,4,5,7,0,0,0,26,11648749,2763587,27934.649880095923,70861.20512820513,1.3845,5.739,3.38,3.816,4.295,4.7885,4.939,4.2273,4.2749,4.4
20130706,356057861,320923224,36751272,36709190,31533483,5175707,1616635,300533,1316102,1316102,0,42082,0.0,21800.0,0.0,278733.0,553,423,30,2013-07-06,5,6,7,1,0,0,25,36751272,1616635,86882.43971631206,53887.833333333336,1.3674,5.582,,,,,,,,
20130707,361037358,356057861,8962232,8920335,5257768,3662567,3982735,336880,3645855,3645855,0,41897,0.0,0.0,0.0,336880.0,566,422,43,2013-07-07,6,7,7,1,0,0,24,8962232,3982735,21237.516587677725,92621.74418604652,1.3671,5.425,,,,,,,,
20130708,409947895,361037358,57258266,57218409,47490938,9727471,8347729,852530,7495199,7495199,0,39857,219851.0,3500.0,0.0,629179.0,580,421,54,2013-07-08,0,8,7,0,0,0,23,57258266,8347729,136005.38242280285,154587.57407407407,1.3129,5.279,3.256,3.656,3.686,4.3,4.794,4.2238,4.2741,4.4
20130709,433273777,409947895,26798941,26755943,21541164,5214779,3473059,765509,2707550,2707550,0,42998,60000.0,0.0,0.0,705509.0,614,456,56,2013-07-09,1,9,7,0,0,0,22,26798941,3473059,58769.60745614035,62018.91071428572,1.3096,5.15,3.249,3.596,3.604,4.298,4.723,4.2215,4.272,4.4
20130710,461373114,433273777,30696506,30644691,20475437,10169254,2597169,603737,1993432,1993432,0,51815,8000.0,267500.0,0.0,328237.0,619,489,50,2013-07-10,2,10,7,0,0,0,21,30696506,2597169,62774.0408997955,51943.38,1.2792,5.047,3.251,3.59,3.85,4.269,4.704,4.22,4.2707,4.4
20130711,501939511,461373114,44075197,44021031,38701392,5319639,3508800,981695,2527105,2527105,0,54166,325455.0,2194.0,0.0,654046.0,658,515,54,2013-07-11,3,11,7,0,0,0,20,44075197,3508800,85582.9067961165,64977.77777777778,1.2616,4.959,3.3547,3.81,3.906,4.351,4.6955,4.2199,4.2705,4.4
20130712,527630842,501939511,34183904,34126845,28358933,5767912,8492573,1371072,7121501,7121501,0,57059,483604.0,173268.0,0.0,714200.0,677,518,64,2013-07-12,4,12,7,0,0,0,19,34183904,8492573,65992.09266409266,132696.453125,1.2487,4.884,3.3,3.8,3.928,4.128,4.691,4.2189,4.2704,4.4
20130713,539312730,527630842,15164717,15103661,8461168,6642493,3482829,309654,3173175,3173175,0,61056,0.0,45584.0,0.0,264070.0,694,538,46,2013-07-13,5,13,7,1,0,0,18,15164717,3482829,28187.206319702604,75713.67391304347,1.2396,4.815,,,,,,,,
20130714,559143926,539312730,22615303,22554354,18447507,4106847,2784107,592038,2192069,2192069,0,60949,0.0,182560.0,0.0,409478.0,697,529,47,2013-07-14,6,14,7,1,0,0,17,22615303,2784107,42751.045368620034,59236.31914893617,1.2394,4.745,,,,,,,,
20130715,594164538,559143926,48128555,48069686,28401224,19668462,13107943,1521794,11586149,11586149,0,58869,679000.0,222000.0,0.0,620794.0,714,532,74,2013-07-15,0,15,7,0,0,0,16,48128555,13107943,90467.20864661653,177134.36486486485,1.1985,4.682,3.2998,3.809,3.94,4.2705,4.6785,4.2185,4.2701,4.4
20130716,632922404,594164538,50622847,50559618,39657799,10901819,11864981,1529687,10335294,10335294,0,63229,744302.0,60000.0,0.0,725385.0,739,552,59,2013-07-16,1,16,7,0,0,0,15,50622847,11864981,91708.05615942029,201101.37288135593,1.2214,4.634,3.013,3.706,4.0,4.424,4.6703,4.2176,4.27,4.4
20130717,651026573,632922404,29015682,28946382,25167271,3779111,10911513,2109498,8802015,8802015,0,69300,1348120.0,50000.0,0.0,711378.0,765,589,62,2013-07-17,2,17,7,0,0,0,14,29015682,10911513,49262.617996604415,175992.14516129033,1.1829,4.582,2.968,3.596,3.992,4.53,4.662,4.2166,4.27,4.4
20130718,663495722,651026573,24234505,24160561,12633212,11527349,11765356,3195410,8569946,8569946,0,73944,577438.0,2081710.0,0.0,536262.0,772,603,65,2013-07-18,3,18,7,0,0,0,13,24234505,11765356,40189.892205638476,181005.47692307693,1.1896,4.543,2.998,3.634,3.996,4.61,4.6578,4.2173,4.27,4.4
20130719,687931077,663495722,33680124,33603190,25296006,8307184,9244769,1204252,8040517,8040517,0,76934,713031.0,140760.0,0.0,350461.0,788,624,81,2013-07-19,4,19,7,0,0,0,12,33680124,9244769,53974.557692307695,114132.95061728395,1.2032,4.518,3.04,3.745,4.057,4.669,4.6525,4.2173,4.27,4.4
20130720,703769013,687931077,20439079,20360981,14965131,5395850,4601143,1780862,2820281,2820281,0,78098,229770.0,376900.0,0.0,1174192.0,810,633,62,2013-07-20,5,20,7,1,0,0,11,20439079,4601143,32289.224328594,74211.98387096774,1.1964,4.494,,,,,,,,
20130721,722230076,703769013,21142394,21064648,14155152,6909496,2681331,761299,1920032,1920032,0,77746,100000.0,26681.0,0.0,634618.0,817,625,63,2013-07-21,6,21,7,1,0,0,10,21142394,2681331,33827.8304,42560.80952380953,1.1962,4.471,,,,,,,,
20130722,743534705,722230076,40448896,40374049,33166661,7207388,19144267,605231,18539036,18539036,0,74847,20220.0,64584.0,0.0,520427.0,840,638,73,2013-07-22,0,22,7,0,0,0,9,40448896,19144267,63399.52351097178,262250.23287671234,1.1547,4.447,3.1035,3.925,4.099,4.806,4.6515,4.2173,4.27,4.4
20130723,777266801,743534705,58136147,58056583,48105087,9951496,24404051,2173231,22230820,22230820,0,79564,483047.0,2000.0,0.0,1688184.0,869,645,72,2013-07-23,1,23,7,0,0,0,8,58136147,24404051,90133.56124031008,338945.15277777775,1.1826,4.426,3.1355,3.959,4.11,4.99,4.6517,4.2173,4.27,4.4
20130724,789430727,777266801,48422518,48337561,38512434,9825127,36258592,712047,35546545,35546545,0,84957,320000.0,12669.0,0.0,379378.0,885,689,88,2013-07-24,2,24,7,0,0,0,7,48422518,36258592,70279.41654571843,412029.45454545453,1.1805,4.424,3.23,4.011,4.131,5.293,4.661,4.2189,4.27,4.4
20130725,808651309,789430727,57433418,57347209,42064761,15282448,38212836,1557611,36655225,36655225,0,86209,526800.0,183410.0,0.0,847401.0,906,703,98,2013-07-25,3,25,7,0,0,0,6,57433418,38212836,81697.60739687056,389926.89795918367,1.1645,4.411,3.3495,4.132,4.258,5.468,4.6601,4.2185,4.27,4.4
20130726,814180757,808651309,44721817,44633279,33299638,11333641,39192369,1035450,38156919,38156919,0,88538,469737.0,48517.0,0.0,517196.0,925,708,80,2013-07-26,4,26,7,0,0,0,5,44721817,39192369,63166.4081920904,489904.6125,1.1777,4.397,3.55,4.351,4.62,5.722,4.667,4.2189,4.27,4.4
20130727,816316315,814180757,17194451,17102400,10482577,6619823,15058893,1922114,13136779,13136779,0,92051,1005922.0,58834.0,0.0,857358.0,918,707,76,2013-07-27,5,27,7,1,0,0,4,17194451,15058893,24320.298444130127,198143.32894736843,1.1728,4.384,,,,,,,,
20130728,844888486,816316315,36255382,36164421,32964064,3200357,7683211,1161872,6521339,6521339,0,90961,551807.0,27184.0,0.0,582881.0,936,716,72,2013-07-28,6,28,7,1,0,0,3,36255382,7683211,50636.00837988827,106711.26388888889,1.1726,4.371,,,,,,,,
20130729,879801198,844888486,53512076,53423360,41820041,11603319,18599364,1202332,17397032,17397032,0,88716,559277.0,121890.0,0.0,521165.0,952,716,80,2013-07-29,0,29,7,0,0,0,2,53512076,18599364,74737.53631284916,232492.05,1.1515,4.369,3.703,5.057,5.5,5.988,4.671,4.2201,4.27,4.4
20130730,914233859,879801198,47481243,47387817,33779762,13608055,13048582,1318647,11729935,11729935,0,93426,510220.0,88782.0,0.0,719645.0,970,726,79,2013-07-30,1,30,7,0,0,0,1,47481243,13048582,65401.16115702479,165171.92405063292,1.1958,4.377,3.641,4.972,5.34,5.889,4.667,4.2203,4.27,4.4
20130731,959269456,914233859,54569637,54465204,46575247,7889957,9534040,1191442,8342598,8342598,0,104433,651652.0,68160.0,0.0,471630.0,977,764,92,2013-07-31,2,31,7,0,0,1,0,54569637,9534040,71426.22643979058,103630.86956521739,1.2088,4.392,3.699,4.971,5.453,5.34,4.6645,4.2199,4.27,4.4
20130801,993774950,959269456,53369962,53261431,29717147,23544284,18864468,1935577,16928891,16928891,0,108531,897850.0,156126.0,0.0,881601.0,990,766,86,2013-08-01,3,1,8,0,1,0,30,53369962,18864468,69673.57963446475,219354.27906976745,1.2026,4.413,3.549,4.545,5.36,4.846,4.6635,4.2193,4.27,4.4
20130802,991688717,993774950,38064536,37949861,25198904,12750957,40150769,1140935,39009834,39009834,0,114675,130341.0,295063.0,0.0,715531.0,1011,782,103,2013-08-02,4,2,8,0,0,0,29,38064536,40150769,48675.877237851666,389813.2912621359,1.222,4.437,3.2539,4.314,4.55,4.642,4.6595,4.2198,4.27,4.4
20130803,992582709,991688717,21595789,21479421,10093238,11386183,20701797,1725397,18976400,18976400,0,116368,1029086.0,69092.0,0.0,627219.0,1011,778,78,2013-08-03,5,3,8,1,0,0,28,21595789,20701797,27758.083547557842,265407.6538461539,1.2154,4.46,,,,,,,,
20130804,1030063998,992582709,45745254,45630463,41159712,4470751,8263965,1389042,6874923,6874923,0,114791,591302.0,106568.0,0.0,691172.0,1027,774,77,2013-08-04,6,4,8,1,0,0,27,45745254,8263965,59102.395348837206,107324.22077922078,1.2152,4.483,,,,,,,,
20130805,1057898694,1030063998,43632203,43520180,18112798,25407382,15797507,1757807,14039700,14039700,0,112023,583097.0,150694.0,0.0,1024016.0,1045,777,98,2013-08-05,0,5,8,0,0,0,26,43632203,15797507,56154.70141570141,161199.05102040817,1.1875,4.503,3.1,4.356,4.31,4.575,4.655,4.2198,4.27,4.4
20130806,1092363491,1057898694,50866184,50749514,38122413,12627101,16401387,2956008,13445379,13445379,0,116670,1331960.0,417870.0,0.0,1206178.0,1061,791,102,2013-08-06,1,6,8,0,0,0,25,50866184,16401387,64306.174462705436,160797.91176470587,1.204,4.507,3.1,4.066,4.549,4.6005,4.6538,4.2193,4.27,4.4
20130807,1106562866,1092363491,43908081,43781998,29774898,14007100,29708706,1552975,28155731,28155731,0,126083,417462.0,261378.0,0.0,874135.0,1084,831,102,2013-08-07,2,7,8,0,0,0,24,43908081,29708706,52837.64259927798,291261.82352941175,1.2118,4.509,3.1005,3.873,4.361,4.58,4.6515,4.2197,4.27,4.4
20130808,1121504665,1106562866,44493490,44364177,32476695,11887482,29551691,1136867,28414824,28414824,0,129313,321867.0,86103.0,0.0,728897.0,1095,831,96,2013-08-08,3,8,8,0,0,0,23,44493490,29551691,53542.10589651023,307830.1145833333,1.2155,4.516,3.1641,3.7585,4.42,4.595,4.6504,4.2198,4.27,4.4
20130809,1124798836,1121504665,33425186,33294291,26619531,6674760,30131015,3500833,26630182,26630182,0,130895,2442888.0,153280.0,0.0,904665.0,1102,839,102,2013-08-09,4,9,8,0,0,0,22,33425186,30131015,39839.31585220501,295402.10784313723,1.2174,4.513,2.914,3.64,4.3,4.535,4.6501,4.2198,4.27,4.4
20130810,1118799735,1124798836,20615307,20482505,15003071,5479434,26614408,1290443,25323965,25323965,0,132802,722889.0,168430.0,0.0,399124.0,1104,836,65,2013-08-10,5,10,8,1,0,0,21,20615307,26614408,24659.458133971293,409452.43076923076,1.2128,4.512,,,,,,,,
20130811,1158946598,1118799735,55519543,55388879,49401320,5987559,15372680,925608,14447072,14447072,0,130664,126543.0,151160.0,0.0,647905.0,1117,844,83,2013-08-11,6,11,8,1,0,0,20,55519543,15372680,65781.4490521327,185213.01204819276,1.2126,4.511,,,,,,,,
20130812,1224880431,1158946598,94520502,94394024,77433832,16960192,28586669,2062992,26523677,26523677,0,126478,1409937.0,208170.0,0.0,444885.0,1135,848,84,2013-08-12,0,12,8,0,0,0,19,94520502,28586669,111462.85613207547,340317.4880952381,1.1886,4.511,2.9645,3.648,4.168,4.5,4.65,4.22,4.27,4.4
20130813,1244810922,1224880431,48720919,48590757,28460439,20130318,28790328,3646077,25144251,25144251,0,130162,1782390.0,72720.0,0.0,1790967.0,1158,866,95,2013-08-13,1,13,8,0,0,0,18,48720919,28790328,56259.72170900693,303056.0842105263,1.2143,4.517,3.2253,3.702,4.16,4.524,4.65,4.2198,4.27,4.4
20130814,1260320406,1244810922,30541167,30394880,22991641,7403239,15031683,2060843,12970840,12970840,0,146287,289344.0,841860.0,0.0,929639.0,1167,892,107,2013-08-14,2,14,8,0,0,0,17,30541167,15031683,34238.976457399105,140483.01869158878,1.2201,4.521,3.435,3.855,4.16,4.505,4.65,4.2198,4.27,4.4
20130815,1250082301,1260320406,42421222,42271280,30267955,12003325,52659327,6412165,46247162,46247162,0,149942,5159036.0,236717.0,0.0,1016412.0,1174,900,102,2013-08-15,3,15,8,0,0,0,16,42421222,52659327,47134.69111111111,516267.9117647059,1.2184,4.523,3.283,3.994,4.119,4.517,4.6502,4.2198,4.27,4.4
20130816,1258025993,1250082301,41683536,41535972,29961502,11574470,33739844,1588741,32151103,32151103,0,147564,153854.0,113378.0,0.0,1321509.0,1180,914,105,2013-08-16,4,16,8,0,0,0,15,41683536,33739844,45605.619256017504,321331.8476190476,1.219,4.524,3.209,3.772,3.823,4.56,4.6503,4.2198,4.27,4.4
20130817,1271021529,1258025993,17670519,17522875,10792404,6730471,4674983,1555761,3119222,3119222,0,147644,733014.0,443937.0,0.0,378810.0,1183,919,78,2013-08-17,5,17,8,1,0,0,14,17670519,4674983,19227.985854189337,59935.679487179485,1.215,4.525,,,,,,,,
20130818,1315506321,1271021529,59703092,59555804,48363051,11192753,15218300,1049130,14169170,13607144,562026,147288,248919.0,17600.0,0.0,782611.0,1203,919,89,2013-08-18,6,18,8,1,0,0,13,59703092,15218300,64965.27965179543,170992.1348314607,1.2148,4.526,,,,,,,,
20130819,1396351270,1315506321,109184209,109039743,93558910,15480833,28339260,2827001,25512259,24585884,926375,144466,1199195.0,326877.0,0.0,1300929.0,1202,911,100,2013-08-19,0,19,8,0,0,0,12,109184209,28339260,119850.94291986828,283392.6,1.1987,4.532,3.403,4.092,5.156,4.925,4.6573,4.2198,4.27,4.4
20130820,1419895554,1396351270,53675509,53525266,32336915,21188351,30131225,2331156,27800069,22614527,5185542,150243,882520.0,178236.0,0.0,1270400.0,1226,923,106,2013-08-20,1,20,8,0,0,0,11,53675509,30131225,58153.3141928494,284256.8396226415,1.2288,4.54,3.854,4.428,5.467,5.218,4.6636,4.2198,4.2701,4.4
20130821,1428096658,1419895554,38184446,38016570,22840717,15175853,29983342,1487466,28495876,28056688,439188,167876,565500.0,428944.0,0.0,493022.0,1224,950,94,2013-08-21,2,21,8,0,0,0,10,38184446,29983342,40194.15368421053,318971.72340425535,1.2307,4.545,3.517,4.219,5.4,5.04,4.658,4.2198,4.27,4.4
20130822,1492226723,1428096658,89130737,88961196,75601493,13359703,25000672,2011337,22989335,4751853,18237482,169541,194769.0,303499.0,0.0,1513069.0,1251,976,105,2013-08-22,3,22,8,0,0,0,9,89130737,25000672,91322.47643442624,238101.6380952381,1.2187,4.546,3.357,4.115,5.046,4.968,4.662,4.2198,4.27,4.4
20130823,1504424975,1492226723,37878575,37707135,21923609,15783526,25680323,2928413,22751910,16963681,5788229,171440,1548371.0,269650.0,0.0,1110392.0,1266,971,121,2013-08-23,4,23,8,0,0,0,8,37878575,25680323,39009.86096807415,212234.0743801653,1.2236,4.548,3.265,4.149,5.171,5.016,4.662,4.2198,4.27,4.4
20130824,1534475645,1504424975,44367268,44188538,32022342,12166196,14316598,3151997,11164601,5951141,5213460,178730,1213141.0,232702.0,0.0,1706154.0,1261,974,96,2013-08-24,5,24,8,1,0,0,7,44367268,14316598,45551.60985626283,149131.22916666666,1.2204,4.551,,,,,,,,
20130825,1559664125,1534475645,43306288,43128521,28531519,14597002,18117808,1946279,16171529,8774008,7397521,177767,1197869.0,255174.0,0.0,493236.0,1276,975,84,2013-08-25,6,25,8,1,0,0,6,43306288,18117808,44416.70564102564,215688.19047619047,1.2202,4.554,,,,,,,,
20130826,1613522680,1559664125,74496541,74325753,50885562,23440191,20637986,3918170,16719816,7070763,9649053,170788,1767149.0,1293550.0,0.0,857471.0,1294,976,125,2013-08-26,0,26,8,0,0,0,5,74496541,20637986,76328.4231557377,165103.888,1.185,4.546,3.037,4.023,5.196,5.007,4.6619,4.2198,4.2701,4.4
20130827,1598653075,1613522680,45268028,45089370,33855884,11233486,60137633,1713586,58424047,5683840,52740207,178658,590630.0,50648.0,0.0,1072308.0,1310,991,113,2013-08-27,1,27,8,0,0,0,4,45268028,60137633,45679.14026236125,532191.4424778761,1.2131,4.538,3.006,4.209,5.382,4.974,4.6609,4.2198,4.2701,4.4
20130828,1611558533,1598653075,46602319,46414328,26923896,19490432,33696861,3193850,30503011,27302135,3200876,187991,1936794.0,98478.0,0.0,1158578.0,1321,1020,123,2013-08-28,2,28,8,0,0,0,3,46602319,33696861,45688.54803921569,273958.2195121951,1.213,4.528,3.098,4.259,5.015,4.929,4.6586,4.2198,4.2701,4.4
20130829,1623132231,1611558533,47518666,47312464,36868023,10444441,35944968,9618879,26326089,6450910,19875179,206202,221154.0,7800263.0,0.0,1597462.0,1338,1039,111,2013-08-29,3,29,8,0,0,0,2,47518666,35944968,45735.000962463906,323828.54054054053,1.3194,4.583,2.957,4.318,4.4,4.903,4.658,4.2198,4.2701,4.4
20130830,1658990323,1623132231,56488844,56266206,37466526,18799680,20630752,7687108,12943644,6673809,6269835,222638,1390412.0,5335986.0,0.0,960710.0,1347,1052,116,2013-08-30,4,30,8,0,0,0,1,56488844,20630752,53696.619771863116,177851.3103448276,1.4113,4.686,3.034,3.7355,4.311,4.805,4.6572,4.2198,4.2701,4.4
20130831,1684633610,1658990323,47655303,47459849,25669538,21790311,22012016,3582164,18429852,16052130,2377722,195454,2302440.0,254884.0,0.0,1024840.0,1366,1050,101,2013-08-31,5,31,8,1,0,1,0,47655303,22012016,45386.002857142856,217940.75247524751,1.2201,4.685,,,,,,,,
20130901,1681533463,1684633610,56239802,56045782,36564187,19481595,59339949,8984938,50355011,4349781,46005230,194020,3077249.0,4583852.0,0.0,1323837.0,1381,1053,127,2013-09-01,6,1,9,1,1,0,29,56239802,59339949,53409.11870845204,467243.6929133858,1.2199,4.685,,,,,,,,
20130902,1804592678,1681533463,140844739,140622201,103991419,36630782,17785524,4903664,12881860,6708784,6173076,222538,3306506.0,636750.0,0.0,960408.0,1410,1062,131,2013-09-02,0,2,9,0,0,0,28,140844739,17785524,132622.1647834275,135767.35877862596,1.4475,4.829,3.0188,3.742,4.15,4.6,4.6561,4.2198,4.2701,4.4
20130903,1845772414,1804592678,80507880,80314060,51070577,29243483,39328144,3826502,35501642,13629313,21872329,193820,2504828.0,45006.0,0.0,1276668.0,1412,1065,108,2013-09-03,1,3,9,0,0,0,27,80507880,39328144,75594.25352112677,364149.48148148146,1.2339,4.84,3.0006,3.75,3.763,4.523,4.6558,4.2198,4.2701,4.4
20130904,1851686522,1845772414,33366708,33149101,22039123,11109978,27452600,5123201,22329399,4079727,18249672,217607,3046382.0,662130.0,0.0,1414689.0,1419,1101,131,2013-09-04,2,4,9,0,0,0,26,33366708,27452600,30305.820163487737,209561.8320610687,1.2349,4.852,3.005,3.498,3.747,4.581,4.6566,4.2198,4.2701,4.4
20130905,1868602123,1851686522,38716505,38491932,18051917,20440015,21800904,4026090,17774814,5870621,11904193,224573,2333203.0,549920.0,0.0,1142967.0,1429,1108,122,2013-09-05,3,5,9,0,0,0,25,38716505,21800904,34942.6940433213,178695.9344262295,1.2374,4.807,2.89,3.456,3.705,4.574,4.6566,4.22,4.2703,4.4
20130906,1874107406,1868602123,38923186,38648043,17570388,21077655,33417903,2960086,30457817,16081369,14376448,275143,98699.0,330910.0,0.0,2530477.0,1440,1120,104,2013-09-06,4,6,9,0,0,0,24,38923186,33417903,34752.84464285714,321325.9903846154,1.5058,4.859,2.95,3.469,3.716,4.484,4.6573,4.2198,4.27,4.4
20130907,1887839165,1874107406,34076183,33848786,19377542,14471244,20344424,4674119,15670305,8126616,7543689,227397,3108803.0,437665.0,0.0,1127651.0,1445,1121,107,2013-09-07,5,7,9,1,0,0,23,34076183,20344424,30398.022301516503,190134.80373831774,1.2415,4.87,,,,,,,,
20130908,1911716952,1887839165,38796909,38571047,23022708,15548339,14919122,3458751,11460371,6590099,4870272,225862,1999704.0,67000.0,0.0,1392047.0,1456,1112,105,2013-09-08,6,8,9,1,0,0,22,38796909,14919122,34889.30665467626,142086.87619047618,1.2381,4.88,,,,,,,,
20130909,1915408239,1911716952,49312473,49051334,28145783,20905551,45621186,5640803,39980383,22470137,17510246,261139,2374201.0,723575.0,0.0,2543027.0,1478,1128,160,2013-09-09,0,9,9,0,0,0,21,49312473,45621186,43716.73138297872,285132.4125,1.44,4.876,2.92,3.554,3.714,4.598,4.6564,4.2198,4.27,4.4
20130910,1972964019,1915408239,94684143,94427415,59214774,35212641,37128363,4737939,32390424,14101974,18288450,256728,2799147.0,280850.0,0.0,1657942.0,1484,1134,137,2013-09-10,1,10,9,0,0,0,20,94684143,37128363,83495.71693121693,271009.9489051095,1.4214,4.979,2.8955,3.625,3.746,4.862,4.6549,4.2198,4.27,4.4
20130911,2000234396,1972964019,98944459,98709145,71068310,27640835,71674082,4887487,66786595,8915582,57871013,235314,3218626.0,318332.0,0.0,1350529.0,1505,1156,143,2013-09-11,2,11,9,0,0,0,19,98944459,71674082,85592.09256055363,501217.3566433566,1.2527,4.989,3.014,3.482,3.767,5.138,4.6559,4.2198,4.27,4.4
20130912,2023660860,2000234396,68573684,68334304,43875535,24458769,45147220,6134732,39012488,6425604,32586884,239380,3355912.0,780960.0,0.0,1997860.0,1513,1155,144,2013-09-12,3,12,9,0,0,0,18,68573684,45147220,59371.15497835498,313522.3611111111,1.2598,5.001,2.967,3.494,3.8,5.374,4.6563,4.2198,4.27,4.4
20130913,2034804131,2023660860,71655946,71385620,41601351,29784269,60512675,6513431,53999244,23753632,30245612,270326,4713046.0,433663.0,0.0,1366722.0,1514,1180,140,2013-09-13,4,13,9,0,0,0,17,71655946,60512675,60725.377966101696,432233.39285714284,1.3805,4.932,2.979,3.57,3.852,5.4834,4.6571,4.22,4.27,4.4
20130914,2029466914,2034804131,30975443,30726657,14850336,15876321,36312660,2449865,33862795,9025416,24837379,248786,1076995.0,145605.0,0.0,1227265.0,1516,1166,107,2013-09-14,5,14,9,1,0,0,16,30975443,36312660,26565.560034305316,339370.6542056075,1.2613,4.943,,,,,,,,
20130915,2041505882,2029466914,37059683,36813279,22142657,14670622,25020715,2993592,22027123,15270867,6756256,246404,971109.0,166305.0,0.0,1856178.0,1534,1167,129,2013-09-15,6,15,9,1,0,0,15,37059683,25020715,31756.369323050556,193959.03100775194,1.2611,4.956,,,,,,,,
20130916,2157977503,2041505882,161656210,161382323,134330619,27051704,45184589,4585488,40599101,10354185,30244916,273887,919927.0,1207490.0,0.0,2458071.0,1559,1170,128,2013-09-16,0,16,9,0,0,0,14,161656210,45184589,138167.70085470084,353004.6015625,1.4143,4.942,3.008,3.469,3.592,5.67,4.6569,4.22,4.27,4.4
20130917,2175921520,2157977503,76204815,75960756,50504307,25456449,58260798,3075100,55185698,18859824,36325874,244059,1426945.0,545910.0,0.0,1102245.0,1569,1158,129,2013-09-17,1,17,9,0,0,0,13,76204815,58260798,65807.26683937824,451634.0930232558,1.2495,4.848,3.493,3.583,3.64,5.836,4.6579,4.22,4.27,4.4
20130918,2171644907,2175921520,42926608,42645589,27232465,15413124,47203221,2788140,44415081,23818473,20596608,281019,1007160.0,269990.0,0.0,1510990.0,1569,1204,143,2013-09-18,2,18,9,0,0,0,12,42926608,47203221,35653.32890365449,330092.45454545453,1.3366,4.894,3.557,3.749,3.9325,5.913,4.6584,4.22,4.27,4.4
20130919,2185004443,2171644907,24778048,24509091,12890601,11618490,11418512,2197881,9220631,6772365,2448266,268957,616026.0,309000.0,0.0,1272855.0,1567,1190,108,2013-09-19,3,19,9,0,0,0,11,24778048,11418512,20821.889075630254,105726.96296296296,1.2594,4.893,,,,,,,,
20130920,2198181951,2185004443,28365762,28094290,18054480,10039810,15188254,2462918,12725336,3457926,9267410,271472,496242.0,928200.0,0.0,1038476.0,1584,1206,102,2013-09-20,4,20,9,0,0,0,10,28365762,15188254,23520.532338308458,148904.45098039217,1.2592,4.827,,,,,,,,
20130921,2203992112,2198181951,32406340,32133842,18601415,13532427,26596179,2655841,23940338,17880107,6060231,272498,1437726.0,467430.0,0.0,750685.0,1587,1206,123,2013-09-21,5,21,9,1,0,0,9,32406340,26596179,26870.928689883913,216229.0975609756,1.2569,4.825,,,,,,,,
20130922,2223544226,2203992112,67514169,67243692,36029859,31213833,47962055,4795752,43166303,22340098,20826205,270477,1908203.0,936280.0,0.0,1951269.0,1592,1209,163,2013-09-22,6,22,9,1,0,0,8,67514169,47962055,55842.98511166253,294245.736196319,1.2567,4.822,3.573,3.991,4.007,5.948,4.6617,4.22,4.27,4.4
20130923,2219916507,2223544226,54658160,54396879,22328835,32068044,58285879,13664826,44621053,30024517,14596536,261281,8130005.0,2411151.0,0.0,3123670.0,1616,1210,154,2013-09-23,0,23,9,0,0,0,7,54658160,58285879,45172.03305785124,378479.7337662338,1.2346,4.724,3.815,4.232,4.35,6.004,4.6717,4.22,4.27,4.4
20130924,2237486574,2219916507,74250859,73973408,48700610,25272798,56680792,6876331,49804461,22552195,27252266,277451,4040955.0,750600.0,0.0,2084776.0,1637,1207,150,2013-09-24,1,24,9,0,0,0,6,74250859,56680792,61516.86743993372,377871.94666666666,1.3281,4.767,3.6144,4.44,4.8033,6.1089,4.6731,4.22,4.27,4.4
20130925,2209922580,2237486574,47274168,46973702,20104663,26869039,74838162,3878952,70959210,41253857,29705353,300466,1503133.0,1140040.0,0.0,1235779.0,1639,1228,159,2013-09-25,2,25,9,0,0,0,5,47274168,74838162,38496.87947882736,470680.2641509434,1.3895,4.796,3.347,3.916,5.1825,5.856,4.6715,4.22,4.27,4.4
20130926,2230173744,2209922580,68718693,68406175,50986446,17419729,48467529,8338252,40129277,21599517,18529760,312518,4430820.0,2214743.0,0.0,1692689.0,1646,1243,167,2013-09-26,3,26,9,0,0,0,4,68718693,48467529,55284.54786806114,290224.7245508982,1.4449,4.897,3.112,4.055,5.571,5.435,4.6732,4.22,4.27,4.4
20130927,2244700262,2230173744,42166121,41868120,27267839,14600281,27639603,3797939,23841664,11564733,12276931,298001,1869592.0,347456.0,0.0,1580891.0,1660,1229,138,2013-09-27,4,27,9,0,0,0,3,42166121,27639603,34309.29292107404,200286.97826086957,1.3799,4.963,3.1477,3.646,5.6528,5.33,4.6722,4.22,4.27,4.4
20130928,2226590340,2244700262,39995798,39706452,14563705,25142747,58105720,6761391,51344329,16876243,34468086,289346,3370698.0,1512093.0,0.0,1878600.0,1668,1243,148,2013-09-28,5,28,9,1,0,0,2,39995798,58105720,32176.828640386164,392606.2162162162,1.3138,4.994,,,,,,,,
20130929,2220728986,2226590340,34433848,34151131,14055266,20095865,40295202,6378811,33916391,22588058,11328333,282717,1442498.0,1913594.0,0.0,3022719.0,1680,1243,148,2013-09-29,6,29,9,1,0,0,1,34433848,40295202,27702.21078037007,272264.8783783784,1.3136,5.026,3.15,3.749,5.778,5.3,4.6732,4.22,4.27,4.4
20130930,2218945683,2220728986,28398050,28118755,8182452,19936303,30181353,9842291,20339062,14254160,6084902,279295,7089923.0,526812.0,0.0,2225556.0,1685,1227,141,2013-09-30,0,30,9,0,0,1,0,28398050,30181353,23144.29502852486,214052.1489361702,1.3162,5.07,3.126,4.203,4.774,5.3,4.6704,4.22,4.27,4.4
20131001,2225269915,2218945683,19137499,18857154,6502928,12354226,12813267,2004563,10808704,7433180,3375524,280345,754200.0,269035.0,0.0,981328.0,1696,1230,115,2013-10-01,1,1,10,0,1,0,30,19137499,12813267,15558.942276422764,111419.71304347826,1.3181,5.065,,,,,,,,
20131002,2229598749,2225269915,11562708,11272068,4072819,7199249,7233874,2386169,4847705,2880222,1967483,290640,933550.0,226557.0,0.0,1226062.0,1698,1249,107,2013-10-02,2,2,10,0,0,0,29,11562708,7233874,9257.572457966373,67606.29906542056,1.3179,5.026,,,,,,,,
20131003,2233476680,2229598749,10101194,9809448,4241086,5568362,6223263,1502285,4720978,1589382,3131596,291746,474244.0,436650.0,0.0,591391.0,1704,1259,98,2013-10-03,3,3,10,0,0,0,28,10101194,6223263,8023.188244638602,63502.683673469386,1.3177,4.956,,,,,,,,
20131004,2229972019,2233476680,19907689,19615445,8598422,11017023,23412350,4280664,19131686,11492105,7639581,292244,2273219.0,1173140.0,0.0,834305.0,1715,1268,99,2013-10-04,4,4,10,0,0,0,27,19907689,23412350,15700.070189274447,236488.38383838383,1.3175,4.922,,,,,,,,
20131005,2242370252,2229972019,26364686,26074038,16185006,9889032,13966453,1514007,12452446,10249721,2202725,290648,618055.0,105978.0,0.0,789974.0,1718,1266,97,2013-10-05,5,5,10,1,0,0,26,26364686,13966453,20825.186413902054,143984.05154639174,1.3173,4.924,,,,,,,,
20131006,2267636377,2242370252,38730653,38442637,26616850,11825787,13464528,2931570,10532958,8922594,1610364,288016,1354301.0,332821.0,0.0,1244448.0,1744,1276,111,2013-10-06,6,6,10,1,0,0,25,38730653,13464528,30353.1763322884,121302.05405405405,1.3111,4.922,,,,,,,,
20131007,2281539710,2267636377,42797733,42511148,29976033,12535115,28894400,6620676,22273724,7474553,14799171,286585,4952671.0,181400.0,0.0,1486605.0,1744,1273,124,2013-10-07,0,7,10,0,0,0,24,42797733,28894400,33619.58601728201,233019.35483870967,1.3109,4.919,,,,,,,,
20131008,2313490526,2281539710,109806912,109484867,70814343,38670524,77856096,7122908,70733188,11651151,59082037,322045,3069548.0,2345844.0,0.0,1707516.0,1765,1291,167,2013-10-08,1,8,10,0,0,0,23,109806912,77856096,85055.70255615802,466204.1676646707,1.4756,5.006,3.052,4.393,4.78,5.178,4.6685,4.22,4.27,4.4
20131009,2351913449,2313490526,72422299,72136946,38830790,33306156,33999376,8883001,25116375,10678490,14437885,285353,6629023.0,682519.0,0.0,1571459.0,1780,1315,161,2013-10-09,2,9,10,0,0,0,22,72422299,33999376,55073.99163498099,211176.24844720497,1.2935,4.992,3.232,4.502,4.816,5.213,4.6682,4.22,4.27,4.4
20131010,2371763531,2351913449,72094613,71796476,36544934,35251542,52244531,7061370,45183161,11880117,33303044,298137,3916813.0,1663448.0,0.0,1481109.0,1795,1337,164,2013-10-10,3,10,10,0,0,0,21,72094613,52244531,53922.67240089753,318564.21341463417,1.3088,4.987,3.328,4.48,4.939,5.1,4.6681,4.22,4.27,4.4
20131011,2426771815,2371763531,82674757,82372594,43296363,39076231,27666473,3564500,24101973,12783375,11318598,302163,1178582.0,743552.0,0.0,1642366.0,1823,1342,143,2013-10-11,4,11,10,0,0,0,20,82674757,27666473,61605.63114754098,193471.83916083915,1.3122,4.985,3.1,4.26,4.847,5.0,4.6679,4.22,4.27,4.4
20131012,2477349968,2426771815,81901136,81593823,42609762,38984061,31322983,6943327,24379656,6524375,17855281,307313,5026766.0,434681.0,0.0,1481880.0,1846,1359,155,2013-10-12,5,12,10,1,0,0,19,81901136,31322983,60265.73657100809,202083.76129032258,1.3082,4.98,3.027,4.246,4.798,4.805,4.6673,4.22,4.27,4.4
20131013,2516649474,2477349968,71149981,70845311,32822745,38022566,31850475,4273577,27576898,10611383,16965515,304670,1846435.0,221320.0,0.0,2205822.0,1880,1358,132,2013-10-13,6,13,10,1,0,0,18,71149981,31850475,52393.21134020619,241291.47727272726,1.308,4.978,,,,,,,,
20131014,2606312149,2516649474,130315300,130020702,75489865,54530837,40652625,7783174,32869451,14896890,17972561,294598,1246108.0,2678841.0,0.0,3858225.0,1910,1370,190,2013-10-14,0,14,10,0,0,0,17,130315300,40652625,95120.65693430656,213961.18421052632,1.2777,4.96,3.113,3.855,4.65,4.85,4.6661,4.22,4.27,4.4
20131015,2656917255,2606312149,85704304,85388933,41656981,43731952,35099198,7010950,28088248,10639886,17448362,315371,2290112.0,821219.0,0.0,3899619.0,1966,1397,177,2013-10-15,1,15,10,0,0,0,16,85704304,35099198,61348.821760916246,198300.5536723164,1.3456,4.889,3.117,3.845,3.883,4.713,4.6655,4.22,4.27,4.4
20131016,2706603364,2656917255,100948091,100610077,49684423,50925654,51261982,8108405,43153577,8534326,34619251,338014,5552783.0,251813.0,0.0,2303809.0,2002,1454,161,2013-10-16,2,16,10,0,0,0,15,100948091,51261982,69427.84800550206,318397.4037267081,1.313,4.899,3.055,3.314,3.357,4.857,4.6654,4.22,4.27,4.4
20131017,2770531817,2706603364,87203217,86867001,35808629,51058372,23274764,5594997,17679767,4512267,13167500,336216,1834809.0,600722.0,0.0,3159466.0,2105,1513,166,2013-10-17,3,17,10,0,0,0,14,87203217,23274764,57635.96629213483,140209.421686747,1.2908,4.889,3.038,3.35,3.391,4.73,4.6681,4.22,4.27,4.4
20131018,2852744912,2770531817,98151450,97805294,49716816,48088478,15938355,4197983,11740372,9265936,2474436,346156,961210.0,473625.0,0.0,2763148.0,2129,1535,165,2013-10-18,4,18,10,0,0,0,13,98151450,15938355,63942.31270358306,96596.09090909091,1.2917,4.878,3.001,3.485,3.573,4.613,4.6695,4.22,4.27,4.4
20131019,2879208658,2852744912,53148443,52794624,17807708,34986916,26684697,7939723,18744974,7947251,10797723,353819,5353874.0,1441492.0,0.0,1144357.0,2170,1568,154,2013-10-19,5,19,10,1,0,0,12,53148443,26684697,33895.69068877551,173277.25324675324,1.2859,4.866,,,,,,,,
20131020,2876090997,2879208658,47766681,47414924,23808286,23606638,50884342,4669856,46214486,3590393,42624093,351757,1716851.0,585387.0,0.0,2367618.0,2231,1560,161,2013-10-20,6,20,10,1,0,0,11,47766681,50884342,30619.667307692307,316051.8136645963,1.2857,4.854,,,,,,,,
20131021,2936339884,2876090997,106030290,105669458,38771841,66897617,45781403,15776938,30004465,12306385,17698080,360832,9194806.0,3614460.0,0.0,2967672.0,2270,1562,176,2013-10-21,0,21,10,0,0,0,10,106030290,45781403,67881.10755441741,260121.60795454544,1.34,4.888,3.06,3.548,3.67,4.683,4.6775,4.22,4.27,4.4
20131022,2985778843,2936339884,145611496,145262654,80208449,65054205,96172537,17065810,79106727,39792495,39314232,348842,13865208.0,522130.0,0.0,2678472.0,2319,1592,177,2013-10-22,1,22,10,0,0,0,9,145611496,96172537,91464.50753768845,543347.6666666666,1.2698,4.846,3.052,3.558,3.6,4.707,4.6813,4.22,4.27,4.4
20131023,3018083493,2985778843,106093112,105727597,55822529,49905068,73788462,12090715,61697747,24671186,37026561,365515,8332890.0,1460982.0,0.0,2296843.0,2333,1674,196,2013-10-23,2,23,10,0,0,0,8,106093112,73788462,63377.00836320191,376471.7448979592,1.273,4.825,3.78,3.992,3.871,4.814,4.6843,4.22,4.27,4.4
20131024,3029430402,3018083493,69530830,69158484,20287230,48871254,58183921,7363228,50820693,24085834,26734859,372346,1924964.0,1541584.0,0.0,3896680.0,2366,1719,203,2013-10-24,3,24,10,0,0,0,7,69530830,58183921,40448.417684700406,286620.30049261084,1.2811,4.819,4.088,4.68,4.882,5.4,4.6876,4.2201,4.27,4.4
20131025,3047141053,3029430402,69936453,69558797,26323562,43235235,52225802,11129979,41095823,15388480,25707343,377656,7830378.0,1266472.0,0.0,2033129.0,2366,1726,191,2013-10-25,4,25,10,0,0,0,6,69936453,52225802,40519.38180764774,273433.51832460734,1.2758,4.811,4.367,4.891,5.862,6.422,4.691,4.2201,4.27,4.4
20131026,3053536348,3047141053,55752506,55373965,14759985,40613980,49357211,4620277,44736934,3869269,40867665,378541,2086856.0,705090.0,0.0,1828331.0,2379,1723,173,2013-10-26,5,26,10,1,0,0,5,55752506,49357211,32357.809634358677,285301.79768786125,1.2731,4.804,,,,,,,,
20131027,3075023321,3053536348,68007543,67634331,36450109,31184222,46520570,11575035,34945535,22721764,12223771,373212,1494793.0,8358800.0,0.0,1721442.0,2396,1720,171,2013-10-27,6,27,10,1,0,0,4,68007543,46520570,39539.26918604651,272050.1169590643,1.2729,4.797,,,,,,,,
20131028,3149927232,3075023321,129993375,129632574,67259575,62372999,55089464,12996206,42093258,16468981,25624277,360801,7322112.0,2547181.0,0.0,3126913.0,2426,1717,197,2013-10-28,0,28,10,0,0,0,3,129993375,55089464,75709.59522422831,279641.9492385787,1.2428,4.743,4.434,4.894,6.396,6.477,4.6975,4.2201,4.27,4.4
20131029,3208924908,3149927232,102050144,101671985,50888468,50783517,43052468,5155539,37896929,22855535,15041394,378159,2120041.0,725115.0,0.0,2310383.0,2470,1739,201,2013-10-29,1,29,10,0,0,0,2,102050144,43052468,58683.234042553195,214191.3830845771,1.289,4.754,4.446,4.947,6.452,6.162,4.6966,4.22,4.27,4.4
20131030,3254679467,3208924908,109663260,109262475,57375950,51886525,63908701,7047733,56860968,22494418,34366550,400785,4366929.0,378390.0,0.0,2302414.0,2524,1822,215,2013-10-30,2,30,10,0,0,0,1,109663260,63908701,60188.39736553238,297249.77209302323,1.2902,4.763,5.23,5.593,6.349,5.924,4.6965,4.2195,4.27,4.4
20131031,3289998335,3254679467,90926701,90518963,33377309,57141654,55607833,9967594,45640239,9460426,36179813,407738,4060566.0,3160180.0,0.0,2746848.0,2558,1846,221,2013-10-31,3,31,10,0,0,1,0,90926701,55607833,49256.06771397617,251619.15384615384,1.2965,4.772,4.59,4.993,5.51,5.334,4.6948,4.22,4.27,4.4
20131101,3373970161,3289998335,150904945,150490888,97662024,52828864,66933119,8910803,58022316,20798916,37223400,414057,3217695.0,2869447.0,0.0,2823661.0,2627,1871,239,2013-11-01,4,1,11,0,1,0,29,150904945,66933119,80654.7006948156,280054.8912133891,1.2919,4.781,4.2883,4.61,5.03,5.162,4.6925,4.22,4.27,4.4
20131102,3409396955,3373970161,62132300,61714348,23865307,37849041,26705506,9215431,17490075,7143672,10346403,417952,5172815.0,297898.0,0.0,3744718.0,2656,1878,190,2013-11-02,5,2,11,1,0,0,28,62132300,26705506,33084.29179978701,140555.2947368421,1.2911,4.79,,,,,,,,
20131103,3447209071,3409396955,68707870,68291959,30519678,37772281,30895754,8410792,22484962,14516429,7968533,415911,5410546.0,1169600.0,0.0,1830646.0,2663,1890,193,2013-11-03,6,3,11,1,0,0,27,68707870,30895754,36353.37037037037,160081.6269430052,1.291,4.8,,,,,,,,
20131104,3616266423,3447209071,300027403,299614565,237955005,61659560,130970051,7225760,123744291,8145407,115598884,412838,4940631.0,382233.0,0.0,1902896.0,2734,1896,236,2013-11-04,0,4,11,0,0,0,26,300027403,130970051,158242.30116033755,554957.843220339,1.2888,4.825,4.0971,4.423,4.5,4.605,4.6921,4.22,4.27,4.4
20131105,3714481373,3616266423,180904814,180478015,64596913,115881102,82689864,12228633,70461231,14710337,55750894,426799,7907915.0,1180483.0,0.0,3140235.0,2950,2090,383,2013-11-05,1,5,11,0,0,0,25,180904814,82689864,86557.32727272727,215900.42819843342,1.2938,4.828,3.9147,4.232,4.557,4.6155,4.693,4.22,4.27,4.4
20131106,3764248463,3714481373,181474910,181014598,38422060,142592538,131707820,19226831,112480989,49152384,63328605,460312,8731137.0,5706353.0,0.0,4789341.0,3061,2177,379,2013-11-06,2,6,11,0,0,0,24,181474910,131707820,83360.08727606798,347514.036939314,1.2917,4.829,3.66,3.866,4.55,4.869,4.6926,4.22,4.27,4.4
20131107,3848905475,3764248463,167963464,167495139,39534732,127960407,83306452,13495904,69810548,18133158,51677390,468325,7810282.0,2117359.0,0.0,3568263.0,3183,2295,419,2013-11-07,3,7,11,0,0,0,23,167963464,83306452,73186.6945533769,198822.08114558473,1.2935,4.827,3.73,3.891,4.552,4.974,4.6933,4.2204,4.27,4.4
20131108,3987798639,3848905475,231749471,231270156,124106307,107163849,92856307,10129799,82726508,13757231,68969277,479315,4465354.0,1422089.0,100000.0,4142356.0,3280,2364,380,2013-11-08,4,8,11,0,0,0,22,231749471,92856307,98032.77115059222,244358.70263157896,1.292,4.827,3.761,3.939,4.5805,5.077,4.6944,4.2201,4.27,4.4
20131109,4068379896,3987798639,126467028,125980699,36733104,89247595,45885771,10908069,34977702,7874091,27103611,486329,4203716.0,1752651.0,0.0,4951702.0,3367,2439,343,2013-11-09,5,9,11,1,0,0,21,126467028,45885771,51852.0,133777.7580174927,1.2891,4.826,,,,,,,,
20131110,4147899723,4068379896,164813471,164328004,48481839,115846165,85293644,21808380,63485264,25181514,38303750,485467,11159716.0,2940939.0,0.0,7707725.0,3673,2610,493,2013-11-10,6,10,11,1,0,0,20,164813471,85293644,63146.92375478927,173009.41987829615,1.2889,4.825,,,,,,,,
20131111,4068761211,4147899723,147986439,147425452,69094170,78331282,227124951,180655486,46469465,7155297,39314168,560987,15570919.0,2442223.0,51972859.0,110669485.0,3556,2441,1312,2013-11-11,0,11,11,0,0,0,19,147986439,227124951,60625.33346988939,173113.52972560975,1.4962,4.938,3.6,3.78,4.458,5.269,4.6962,4.22,4.27,4.4
20131112,4085967334,4068761211,148469647,147913613,75656414,72257199,131263524,12308127,118955397,13535932,105419465,556034,3806993.0,3080495.0,0.0,5420639.0,3484,2378,370,2013-11-12,1,12,11,0,0,0,18,148469647,131263524,62434.670731707316,354766.2810810811,1.4577,5.028,3.329,3.545,4.305,4.865,4.6978,4.22,4.27,4.4
20131113,4181400870,4085967334,174554976,174000238,104660075,69340163,79121440,14898738,64222702,36973694,27249008,554738,8878581.0,2195166.0,0.0,3824991.0,3527,2439,318,2013-11-13,2,13,11,0,0,0,17,174554976,79121440,71568.25584255843,248809.55974842768,1.4097,5.093,3.336,3.635,4.359,5.251,4.699,4.22,4.27,4.4
20131114,4296842778,4181400870,167996058,167462695,85700589,81762106,52554150,8088009,44466141,22737277,21728864,533363,4529112.0,630803.0,0.0,2928094.0,3528,2445,319,2013-11-14,3,14,11,0,0,0,16,167996058,52554150,68710.04417177914,164746.55172413794,1.3294,5.112,4.188,4.193,4.485,5.325,4.6997,4.2202,4.27,4.4
20131115,4362903228,4296842778,124270704,123661256,44129861,79531395,58210254,9874031,48336223,13669346,34666877,609448,5240277.0,1483524.0,100000.0,3050230.0,3562,2508,313,2013-11-15,4,15,11,0,0,0,15,124270704,58210254,49549.72248803828,185975.25239616612,1.4738,5.212,4.454,5.311,5.902,5.949,4.706,4.2207,4.27,4.4
20131116,4451992661,4362903228,118085705,117530834,62614420,54916414,28996272,7299663,21696609,15626737,6069872,554871,3919184.0,790100.0,0.0,2590379.0,3604,2480,247,2013-11-16,5,16,11,1,0,0,14,118085705,28996272,47615.20362903226,117393.81376518219,1.3102,5.224,,,,,,,,
20131117,4521421128,4451992661,111786622,111233475,45938489,65294986,42358155,10008509,32349646,17699482,14650164,553147,4174258.0,2486719.0,0.0,3347532.0,3630,2474,261,2013-11-17,6,17,11,1,0,0,13,111786622,42358155,45184.568310428454,162291.7816091954,1.31,5.235,,,,,,,,
20131118,4580270823,4521421128,195766477,195210552,94427782,100782770,136916782,14312742,122604040,41227427,81376613,555925,7048432.0,3787533.0,0.0,3476777.0,3685,2479,354,2013-11-18,0,18,11,0,0,0,12,195766477,136916782,78969.93828156515,386770.57062146894,1.321,5.139,4.513,5.357,6.198,6.405,4.7095,4.2206,4.27,4.4
20131119,4641328007,4580270823,131365419,130801756,47990602,82811154,70308235,14639949,55668286,15545895,40122391,563663,4949257.0,5855587.0,0.0,3835105.0,3725,2495,342,2013-11-19,1,19,11,0,0,0,11,131365419,70308235,52651.47054108216,205579.634502924,1.3377,5.073,4.075,4.83,5.532,6.121,4.71,4.2206,4.27,4.4
20131120,4720539791,4641328007,166163002,165560984,56087750,109473234,86951218,13264281,73686937,22879788,50807149,602018,7922364.0,859690.0,0.0,4482227.0,3766,2585,324,2013-11-20,2,20,11,0,0,0,10,166163002,86951218,64279.69129593811,268367.9567901235,1.3352,5.033,4.057,4.751,5.43,6.179,4.7092,4.2207,4.27,4.4
20131121,4866972767,4720539791,221166938,220554500,118123549,102430951,74733962,8839246,65894716,16100622,49794094,612438,3088167.0,1183384.0,0.0,4567695.0,3773,2596,345,2013-11-21,3,21,11,0,0,0,9,221166938,74733962,85195.27657935285,216620.17971014493,1.3442,5.041,3.889,4.708,5.599,6.283,4.711,4.2207,4.27,4.4
20131122,4912783533,4866972767,128528687,127901717,42947137,84954580,82717921,20387183,62330738,24678325,37652413,626970,13442143.0,1611841.0,0.0,5333199.0,3801,2615,352,2013-11-22,4,22,11,0,0,0,8,128528687,82717921,49150.54952198853,234994.09375,1.3502,4.973,3.899,4.763,5.916,6.378,4.7118,4.2207,4.27,4.4
20131123,4953010420,4912783533,89109018,88464354,28994052,59470302,48882131,6482889,42399242,11475436,30923806,644664,3509414.0,604272.0,0.0,2369203.0,3885,2670,304,2013-11-23,5,23,11,1,0,0,7,89109018,48882131,33374.16404494382,160796.48355263157,1.3469,4.993,,,,,,,,
20131124,4969849464,4953010420,102394991,101754797,57943382,43811415,85555947,7319621,78236326,9204891,69031435,640194,2501180.0,1942400.0,0.0,2876041.0,3910,2639,299,2013-11-24,6,24,11,1,0,0,6,102394991,85555947,38800.678666161424,286140.2909698997,1.3467,5.013,,,,,,,,
20131125,5046879939,4969849464,147143602,146505434,74040394,72465040,70113127,23796084,46317043,9657210,36659833,638168,13167661.0,6065709.0,0.0,4562714.0,3964,2669,358,2013-11-25,0,25,11,0,0,0,5,147143602,70113127,55130.611464968155,195846.72346368714,1.361,5.035,3.847,4.74,6.165,6.378,4.7132,4.2207,4.27,4.4
20131126,5239114658,5046879939,258037702,257385328,167619964,89765364,65802983,16533187,49269796,10910790,38359006,652374,8680134.0,2532582.0,0.0,5320471.0,4001,2655,372,2013-11-26,1,26,11,0,0,0,4,258037702,65802983,97189.34161958568,176889.73924731184,1.3774,5.057,3.746,4.6775,5.95,6.582,4.7156,4.2207,4.27,4.4
20131127,5287759288,5239114658,134774128,134089685,57779508,76310177,86129498,13441519,72687979,8395361,64292618,684443,5137580.0,3153300.0,200000.0,4950639.0,4033,2772,358,2013-11-27,2,27,11,0,0,0,3,134774128,86129498,48619.81529581529,240585.18994413406,1.3755,5.079,3.764,4.663,5.968,6.704,4.7211,4.2207,4.27,4.4
20131128,5366066122,5287759288,139760425,139046863,58319586,80727277,61453591,12326030,49127561,20095247,29032314,713562,8471773.0,408316.0,0.0,3445941.0,4049,2778,322,2013-11-28,3,28,11,0,0,0,2,139760425,61453591,50309.72822174226,190849.66149068324,1.3862,5.102,3.746,4.823,6.295,6.555,4.7181,4.2207,4.27,4.4
20131129,5364620300,5366066122,122536344,121810671,43456530,78354141,123982166,12980677,111001489,15313495,95687994,725673,9039014.0,988414.0,0.0,2953249.0,4092,2824,312,2013-11-29,4,29,11,0,0,0,1,122536344,123982166,43391.056657223795,397378.7371794872,1.3879,5.123,3.726,4.666,6.066,6.365,4.7229,4.2207,4.27,4.4
20131130,5361825481,5364620300,116865492,116137403,58697397,57440006,119660311,10367540,109292771,21919187,87373584,728089,4991581.0,1458535.0,0.0,3917424.0,4139,2844,314,2013-11-30,5,30,11,1,0,1,0,116865492,119660311,41091.945147679326,381083.7929936306,1.3878,5.145,,,,,,,,
20131201,5405083240,5361825481,137889992,137174775,59786618,77388157,94632233,20461768,74170465,15707290,58463175,715217,13543472.0,1865397.0,0.0,5052899.0,4186,2847,369,2013-12-01,6,1,12,1,1,0,30,137889992,94632233,48433.4358974359,256455.9159891599,1.3876,5.168,,,,,,,,
20131202,5621931412,5405083240,345313258,344606438,181458812,163147626,128465086,31233938,97231148,47382011,49849137,706820,14717973.0,12764195.0,0.0,3751770.0,4240,2838,388,2013-12-02,0,2,12,0,0,0,29,345313258,128465086,121674.86187455954,331095.58247422683,1.3882,5.182,3.748,4.571,5.93,6.263,4.7197,4.2207,4.27,4.4
20131203,5788936223,5621931412,268666856,267952466,96712045,171240421,101662045,25720023,75942022,22917759,53024263,714390,8188232.0,12419820.0,0.0,5111971.0,4266,2853,403,2013-12-03,1,3,12,0,0,0,28,268666856,101662045,94169.9460217315,252263.13895781638,1.399,5.194,3.725,4.6,5.913,6.28,4.7365,4.2216,4.2701,4.4
20131204,5938411266,5788936223,219456372,218681591,102384322,116297269,69981329,15845867,54135462,7852080,46283382,774781,9118849.0,1874880.0,0.0,4852138.0,4292,2947,390,2013-12-04,2,4,12,0,0,0,27,219456372,69981329,74467.72039362064,179439.30512820513,1.3982,5.207,3.7235,4.577,5.75,6.235,4.7778,4.232,4.2706,4.4
20131205,6010979734,5938411266,190825287,190022709,69146648,120876061,118256819,13825962,104430857,39525525,64905332,802578,5882070.0,3989177.0,200000.0,3754715.0,4334,3004,388,2013-12-05,3,5,12,0,0,0,26,190825287,118256819,63523.73069241012,304785.61597938143,1.4025,5.216,3.703,4.558,5.509,6.08,4.885,4.2432,4.2707,4.4
20131206,6080551322,6010979734,152197159,151391317,55634193,95757124,82625571,10624967,72000604,27086231,44914373,805842,4329771.0,2064010.0,0.0,4231186.0,4341,2973,360,2013-12-06,4,6,12,0,0,0,25,152197159,82625571,51193.12445341406,229515.475,1.3848,5.214,3.7,4.55,5.058,5.596,5.167,4.2513,4.2739,4.405
20131207,6147517880,6080551322,138882605,138063886,70946815,67117071,71916047,14079254,57836793,7621422,50215371,818719,4965336.0,5587990.0,0.0,3525928.0,4362,3028,328,2013-12-07,5,7,12,1,0,0,24,138882605,71916047,45866.1178996037,219256.24085365853,1.3815,5.211,,,,,,,,
20131208,6196090491,6147517880,124886903,124072382,39666888,84405494,76314292,19207555,57106737,7934169,49172568,814521,13372269.0,1613192.0,0.0,4222094.0,4391,3008,303,2013-12-08,6,8,12,1,0,0,23,124886903,76314292,41518.25232712766,251862.3498349835,1.3809,5.207,,,,,,,,
20131209,6237388004,6196090491,174652812,173818023,58079956,115738067,133355299,20902701,112452598,12725637,99726961,834789,13518789.0,3333858.0,0.0,4050054.0,4428,3019,413,2013-12-09,0,9,12,0,0,0,22,174652812,133355299,57851.21298443193,322894.18644067796,1.4227,5.226,3.62,4.485,4.882,5.45,5.2581,4.3302,4.3553,4.4689
20131210,6269712275,6237388004,179471612,178632183,64157045,114475138,147147341,15768961,131378380,27083516,104294864,839429,6462754.0,2479305.0,0.0,6826902.0,4473,3048,361,2013-12-10,1,10,12,0,0,0,21,179471612,147147341,58881.7624671916,407610.3628808864,1.4271,5.241,3.558,4.444,4.72,5.296,5.338,4.3995,4.4319,4.5237
20131211,6399314660,6269712275,239916977,239051211,138677071,100374140,110314592,16209163,94105429,32858604,61246825,865766,7601379.0,2768439.0,200000.0,5639345.0,4518,3132,395,2013-12-11,2,11,12,0,0,0,20,239916977,110314592,76601.84450830141,279277.4481012658,1.42,5.253,3.51,4.329,4.55,5.238,5.332,4.4612,4.4969,4.5771
20131212,6447584392,6399314660,140360007,139456440,37802740,101653700,92090275,44454483,47635792,11324110,36311682,903567,10893753.0,1886838.0,8750000.0,22923892.0,4563,3210,788,2013-12-12,3,12,12,0,0,0,19,140360007,92090275,43725.858878504674,116865.8312182741,1.4663,5.288,3.46,4.305,4.51,5.4155,5.3222,4.5197,4.5547,4.6247
20131213,6521478868,6447584392,164672690,163756758,51626995,112129763,90778214,31197293,59580921,23943149,35637772,915932,25801478.0,446849.0,0.0,4948966.0,4577,3163,370,2013-12-13,4,13,12,0,0,0,18,164672690,90778214,52062.18463484034,245346.52432432433,1.4527,5.325,3.4321,4.3,4.41,5.423,5.335,4.5736,4.6072,4.6657
20131214,6598289813,6521478868,129045596,128124144,60894040,67230104,52234651,15765191,36469460,13547421,22922039,921452,8987864.0,1372372.0,0.0,5404955.0,4599,3173,322,2013-12-14,5,14,12,1,0,0,17,129045596,52234651,40669.901040025215,162219.41304347827,1.4493,5.363,,,,,,,,
20131215,6749415054,6598289813,205882387,204965245,126617857,78347388,54757146,18057269,36699877,8502234,28197643,917142,11377163.0,1900099.0,10000.0,4770007.0,4648,3187,381,2013-12-15,6,15,12,1,0,0,16,205882387,54757146,64600.68622529024,143719.54330708663,1.4491,5.4,,,,,,,,
20131216,6789747659,6749415054,196489931,195558740,76785117,118773623,156157326,32671212,123486114,31097965,92388149,931191,17126247.0,9458650.0,60649.0,6025666.0,4675,3186,457,2013-12-16,0,16,12,0,0,0,15,196489931,156157326,61672.92247332078,341700.932166302,1.4771,5.43,3.447,4.358,4.389,5.557,5.331,4.6207,4.6553,4.7045
20131217,6867190613,6789747659,193980797,193053100,62804752,130248348,116537843,12025370,104512473,14476061,90036412,927697,2860389.0,2459433.0,0.0,6705548.0,4717,3206,443,2013-12-17,1,17,12,0,0,0,14,193980797,116537843,60505.55115408609,263065.1083521445,1.4532,5.444,3.47,4.459,4.552,6.235,5.3537,4.6608,4.6957,4.7335
20131218,6845185545,6867190613,180215804,179244717,44534059,134710658,202220872,10725473,191495399,50257836,141237563,971087,3227970.0,2372802.0,0.0,5124701.0,4752,3285,407,2013-12-18,2,18,12,0,0,0,13,180215804,202220872,54860.21430745814,496857.17936117935,1.4542,5.463,3.588,5.902,5.079,6.765,5.385,4.7054,4.7423,4.7634
20131219,6914793558,6845185545,233631357,232618878,97470048,135148830,164023344,15536057,148487287,21715384,126771903,1012479,6680578.0,2910410.0,0.0,5945069.0,4783,3325,410,2013-12-19,3,19,12,0,0,0,12,233631357,164023344,70265.0697744361,400056.93658536585,1.5167,5.491,3.846,6.472,6.218,7.1012,5.4239,4.7487,4.7816,4.8013
20131220,6894981995,6914793558,133867400,132849845,39915508,92934337,153678963,19964515,133714448,33286473,100427975,1017555,10331829.0,3140205.0,0.0,6492481.0,4854,3364,439,2013-12-20,4,20,12,0,0,0,11,133867400,153678963,39794.11414982164,350065.9749430524,1.513,5.524,3.927,7.654,7.003,7.53,5.458,4.7818,4.8135,4.8353
20131221,6923831180,6894981995,112000779,110979622,43066009,67913613,83151594,10610110,72541484,22399613,50141871,1021157,6510462.0,662530.0,0.0,3437118.0,4890,3370,373,2013-12-21,5,21,12,1,0,0,10,112000779,83151594,33234.65252225519,222926.5254691689,1.5109,5.558,,,,,,,,
20131222,6994376148,6923831180,154543217,153531785,70446218,83085567,83998249,20715917,63282332,16987033,46295299,1011432,11297935.0,1687092.0,3230000.0,4500890.0,4935,3343,354,2013-12-22,6,22,12,1,0,0,9,154543217,83998249,46228.901286269815,237283.18926553673,1.5107,5.592,,,,,,,,
20131223,7054645270,6994376148,198747367,197669761,70138872,127530889,138478245,24846016,113632229,40662170,72970059,1077606,16723533.0,2593550.0,0.0,5528933.0,4979,3351,483,2013-12-23,0,23,12,0,0,0,8,198747367,138478245,59309.86780065652,286704.4409937888,1.6189,5.67,4.515,8.843,8.246,7.656,5.516,4.8151,4.8422,4.8656
20131224,7241443693,7054645270,305406334,304333324,189794936,114538388,118607911,21559120,97048791,25956197,71092594,1073010,9827184.0,5653736.0,20000.0,6058200.0,5010,3392,474,2013-12-24,1,24,12,0,0,0,7,305406334,118607911,90037.24469339622,250227.66033755275,1.611,5.757,4.145,6.197,5.761,6.605,5.5174,4.8369,4.8622,4.8856
20131225,7448764361,7241443693,380076148,378896458,207488097,171408361,172755480,27956029,144799451,25199652,119599799,1179690,14095850.0,5859503.0,1120000.0,6880676.0,5045,3502,436,2013-12-25,2,25,12,0,0,0,6,380076148,172755480,108531.1673329526,396228.1651376147,1.7012,5.893,4.05,5.616,5.941,6.509,5.522,4.8588,4.8823,4.9034
20131226,7427199206,7448764361,220287409,219035100,86180958,132854142,241852564,21372055,220480509,21879648,198600861,1252309,9665563.0,3971893.0,200000.0,7534599.0,5077,3572,474,2013-12-26,3,26,12,0,0,0,5,220287409,241852564,61670.607222844345,510237.47679324896,1.7674,6.032,4.001,5.329,6.14,6.57,5.538,4.8763,4.8982,4.9203
20131227,7474795625,7427199206,211118967,209818922,71581657,138237265,163522548,22373377,141149171,16737992,124411179,1300045,11444298.0,3800278.0,200.0,7128601.0,5117,3603,459,2013-12-27,4,27,12,0,0,0,4,211118967,163522548,58595.32805995004,356258.2745098039,1.803,6.192,3.513,5.067,5.949,6.492,5.5465,4.8942,4.9142,4.9361
20131228,7606220411,7474795625,192808006,191506544,82079222,109427322,61383220,18517636,42865584,10339282,32526302,1301462,11610509.0,1046328.0,0.0,5860799.0,5155,3622,400,2013-12-28,5,28,12,1,0,0,3,192808006,61383220,53232.46990612921,153458.05,1.7889,6.346,,,,,,,,
20131229,7712563769,7606220411,161473347,160179393,80308840,79870553,55129989,15925186,39204803,5655465,33549338,1293954,7212414.0,1422026.0,10100.0,7280646.0,5176,3609,373,2013-12-29,6,29,12,1,0,0,2,161473347,55129989,44741.85286783042,147801.57908847186,1.7886,6.5,,,,,,,,
20131230,7819095923,7712563769,286358778,285062954,121679259,163383695,179826624,20652334,159174290,40393506,118780784,1295824,8770053.0,3669174.0,0.0,8213107.0,5238,3621,495,2013-12-30,0,30,12,0,0,0,1,286358778,179826624,79082.78873239437,363286.10909090907,1.7947,6.598,3.205,4.841,5.907,6.122,5.553,4.9068,4.9277,4.9485
20131231,7950715327,7819095923,265851934,264556746,115229028,149327718,134232530,23640780,110591750,19505479,91086271,1295188,11611505.0,3497088.0,0.0,8532187.0,5258,3623,498,2013-12-31,1,31,12,0,0,1,0,265851934,134232530,73378.94948937345,269543.2329317269,1.7869,6.696,3.148,5.25,5.962,5.913,5.5565,4.9205,4.94,4.9606
20140101,8204274137,7950715327,330926565,329555717,93419831,236135886,77367755,21750788,55616967,15782631,39834336,1370848,9463186.0,7180059.0,0.0,5107543.0,5293,3741,451,2014-01-01,2,1,1,0,1,0,30,330926565,77367755,88459.3865276664,171547.1286031042,1.7807,6.74,,,,,,,,
20140102,8449075426,8204274137,434956739,433531489,145093807,288437682,190155450,22941048,167214402,26734732,140479670,1425250,6429483.0,6583823.0,0.0,9927742.0,5340,3789,505,2014-01-02,3,2,1,0,0,0,29,434956739,190155450,114794.59989443125,376545.44554455444,1.8092,6.763,3.131,4.981,5.759,5.91,5.5657,4.9306,4.9501,4.9677
20140103,8663435976,8449075426,342074805,340640596,143850914,196789682,127714255,23841309,103872946,27165547,76707399,1434209,10507984.0,4191467.0,50000.0,9091858.0,5374,3818,511,2014-01-03,4,3,1,0,0,0,28,342074805,127714255,89595.2867993714,249930.04892367907,1.7847,6.753,3.006,4.711,5.524,6.201,5.5661,4.9389,4.9582,4.9757
20140104,8749652812,8663435976,186085910,184607251,49062116,135545135,99869074,21965772,77903302,10496655,67406647,1478659,13162251.0,1833288.0,0.0,6970233.0,5414,3822,435,2014-01-04,5,4,1,1,0,0,27,186085910,99869074,48688.09785452642,229584.07816091954,1.7751,6.745,,,,,,,,
20140105,8798901523,8749652812,206030707,204559800,61986069,142573731,156781996,20843557,135938439,37596243,98342196,1470907,12945726.0,2302192.0,0.0,5595639.0,5483,3834,410,2014-01-05,6,5,1,1,0,0,26,206030707,156781996,53737.79525299948,382395.11219512194,1.7748,6.738,,,,,,,,
20140106,9050477936,8798901523,442494042,441042872,198531158,242511714,190917629,25009899,165907730,35042141,130865589,1451170,8546854.0,9726055.0,0.0,6736990.0,5514,3820,517,2014-01-06,0,6,1,0,0,0,25,442494042,190917629,115836.13664921466,369279.74661508703,1.774,6.726,2.92,4.633,5.433,6.475,5.5732,4.9476,4.966,4.9824
20140107,9502231639,9050477936,589726496,588222460,231240835,356981625,137972793,27531206,110441587,23886191,86555396,1504036,11435514.0,3109835.0,0.0,12985857.0,5560,3872,501,2014-01-07,1,7,1,0,0,0,24,589726496,137972793,152305.39669421487,275394.7964071856,1.8086,6.738,2.875,4.259,5.074,5.925,5.576,4.9547,4.9713,4.9869
20140108,9552376725,9502231639,264025160,262398195,73458333,188939862,213880074,24398384,189481690,22175353,167306337,1626965,6934583.0,6375874.0,400000.0,10687927.0,5621,4003,578,2014-01-08,2,8,1,0,0,0,23,264025160,213880074,65956.8223832126,370034.73010380624,1.822,6.761,2.83,4.126,4.927,5.65,5.5821,4.9585,4.9742,4.9904
20140109,9692683975,9552376725,280698487,279057823,115504758,163553065,140391237,25855665,114535572,27071650,87463922,1640664,12014226.0,3339321.0,1350500.0,9151618.0,5646,4011,531,2014-01-09,3,9,1,0,0,0,22,280698487,140391237,69982.17078035402,264390.2768361582,1.7647,6.737,2.794,4.02,4.799,6.314,5.5837,4.964,4.9776,4.9929
20140110,9813222458,9692683975,237797636,236112121,81263442,154848679,117259153,26458750,90800403,26710276,64090127,1685515,11533112.0,3073435.0,2000000.0,9852203.0,5701,4069,506,2014-01-10,4,10,1,0,0,0,21,237797636,117259153,58441.29663307938,231737.45652173914,1.7878,6.738,2.766,4.041,4.75,5.675,5.5841,4.9673,4.9818,4.9934
20140111,9985095714,9813222458,243403438,241731696,147087308,94644388,71530182,30620108,40910074,14724475,26185599,1671742,18421405.0,6239547.0,0.0,5959156.0,5764,4099,487,2014-01-11,5,11,1,1,0,0,20,243403438,71530182,59381.175408636256,146879.22381930184,1.7439,6.721,,,,,,,,
20140112,10071845246,9985095714,228255344,226592609,70170242,156422367,141505812,24005816,117499996,26923654,90576342,1662735,10277948.0,1096208.0,0.0,12631660.0,5836,4080,461,2014-01-12,6,12,1,1,0,0,19,228255344,141505812,55944.93725490196,306954.03904555313,1.7434,6.703,,,,,,,,
20140113,10340128524,10071845246,447207050,445546064,140961565,304584499,178923772,21903534,157020238,31182941,125837297,1660986,12068315.0,2562244.0,20000.0,7252975.0,5945,4103,532,2014-01-13,0,13,1,0,0,0,18,447207050,178923772,108995.13770411894,336322.8796992481,1.7584,6.695,2.738,4.013,4.636,6.465,5.5849,4.9715,4.984,4.9955
20140114,10537257263,10340128524,356907128,355227951,136709487,218518464,159778389,29631300,130147089,26903661,103243428,1679177,14789839.0,5370473.0,0.0,9470988.0,6076,4156,554,2014-01-14,1,14,1,0,0,0,17,356907128,159778389,85877.5572666025,288408.64440433215,1.7634,6.67,2.7395,4.0036,4.69,6.4842,5.5865,4.9742,4.9855,4.9977
20140115,10751047734,10537257263,391408718,389643679,64750474,324893205,177618247,38808458,138809789,28292066,110517723,1765039,9530159.0,12452440.0,4851900.0,11973959.0,6136,4256,539,2014-01-15,2,15,1,0,0,0,16,391408718,177618247,91966.33411654136,329532.9257884972,1.7295,6.618,2.7513,3.965,4.641,6.742,5.5846,4.9757,4.9896,4.9997
20140116,10972827391,10751047734,374947083,373159557,106140501,267019056,153167426,23865821,129301605,26988051,102313554,1787526,9015487.0,5303850.0,10000.0,9536484.0,6215,4330,563,2014-01-16,3,16,1,0,0,0,15,374947083,153167426,86592.8598152425,272055.8188277087,1.723,6.595,2.7723,4.256,4.679,6.693,5.5812,4.9788,4.9913,4.9999
20140117,11190869034,10972827391,345426853,343608394,88624595,254983799,127385210,21879996,105505214,18305723,87199491,1818459,10286416.0,3065433.0,60000.0,8468147.0,6241,4368,554,2014-01-17,4,17,1,0,0,0,14,345426853,127385210,79081.23923992674,229937.202166065,1.7139,6.554,2.817,4.776,4.735,6.964,5.5868,4.9821,4.9918,5.0002
20140118,11281199880,11190869034,233200688,231380252,89497089,141883163,142869842,36540346,106329496,31449193,74880303,1820436,20036728.0,5268057.0,0.0,11235561.0,6268,4372,529,2014-01-18,5,18,1,1,0,0,13,233200688,142869842,53339.5901189387,270075.3156899811,1.6772,6.517,,,,,,,,
20140119,11348652551,11281199880,185082022,183275869,45738067,137537802,117629351,29952235,87677116,21831199,65845917,1806153,14879161.0,5697300.0,0.0,9375774.0,6268,4351,526,2014-01-19,6,19,1,1,0,0,12,185082022,117629351,42537.81245690646,223629.94486692015,1.6767,6.48,,,,,,,,
20140120,11241417494,11348652551,335761027,333912224,66330226,267581998,442996084,45103607,397892477,36654039,361238438,1848803,30197607.0,4605616.0,0.0,10300384.0,6353,4358,603,2014-01-20,0,20,1,0,0,0,11,335761027,442996084,77044.75149150987,734653.5389718076,1.7235,6.46,3.888,6.329,5.538,7.472,5.5893,4.9854,4.993,5.0001
20140121,11351446969,11241417494,412854611,411045427,105334037,305711390,302825136,48810525,254014611,34959044,219055567,1809184,34683255.0,5373018.0,0.0,8754252.0,6382,4373,605,2014-01-21,1,21,1,0,0,0,10,412854611,302825136,94409.9270523668,500537.4148760331,1.6958,6.423,3.641,5.535,5.562,7.427,5.591,4.9873,4.9936,5.0001
20140122,11557321387,11351446969,498730606,496881726,116679482,380202244,292856188,35396154,257460034,50621581,206838453,1848880,12674940.0,15715449.0,302539.0,6703226.0,6406,4482,553,2014-01-22,2,22,1,0,0,0,9,498730606,292856188,111274.12003569835,529577.1934900542,1.6853,6.398,3.676,5.224,5.56,6.95,5.5924,4.9887,4.9935,5.0001
20140123,11829747156,11557321387,481450097,479509602,102994484,376515118,209024328,37120406,171903922,30727063,141176859,1940495,17367428.0,8303009.0,400000.0,11049969.0,6428,4517,510,2014-01-23,3,23,1,0,0,0,8,481450097,209024328,106586.25127296879,409851.62352941174,1.7491,6.413,3.7,5.293,5.94,6.708,5.5926,4.9904,4.9943,5.0001
20140124,12098022049,11829747156,614103894,612133670,144614549,467519121,345829001,37926576,307902425,29754999,278147426,1970224,18821020.0,11004819.0,0.0,8100737.0,6467,4535,526,2014-01-24,4,24,1,0,0,0,7,614103894,345829001,135414.30959206173,657469.5836501902,1.7296,6.422,3.7193,4.449,6.765,6.817,5.5946,4.9922,4.995,5.0001
20140125,12353351816,12098022049,440854623,438919123,125183326,313735797,185524856,44376079,141148777,33390830,107757947,1935500,33052893.0,4752220.0,220000.0,6350966.0,6526,4549,415,2014-01-25,5,25,1,1,0,0,6,440854623,185524856,96912.42536821279,447047.84578313254,1.6815,6.424,,,,,,,,
20140126,12550001817,12353351816,528402520,526466645,101475502,424991143,331752519,19451300,312301219,39439760,272861459,1935875,9137431.0,6367843.0,0.0,3946026.0,6600,4546,459,2014-01-26,6,26,1,1,0,0,5,528402520,331752519,116234.60624725033,722772.3725490196,1.695,6.434,4.4,4.717,6.35,6.995,5.5962,4.9929,4.9966,5.0001
20140127,12926555440,12550001817,657199484,655298101,196149985,459148116,280645861,36768288,243877573,58856167,185021406,1901383,20347842.0,9737819.0,0.0,6682627.0,6626,4532,445,2014-01-27,0,27,1,0,0,0,4,657199484,280645861,145013.1253309797,630664.8561797753,1.6915,6.416,4.534,4.689,6.092,6.83,5.5989,4.9933,4.9984,5.0001
20140128,13521645866,12926555440,843424742,841426055,202335691,639090364,248334316,32950093,215384223,47826061,167558162,1998687,21216358.0,9286252.0,96536.0,2350947.0,6683,4575,443,2014-01-28,1,28,1,0,0,0,3,843424742,248334316,184355.13486338797,560574.0767494356,1.7398,6.441,4.8477,4.9657,6.807,7.333,5.5998,4.9931,4.9994,5.0001
20140129,14258960858,13521645866,952479658,950357375,102260088,848097287,215164666,48600473,166564193,38228588,128335605,2122283,17973057.0,24984176.0,60000.0,5583240.0,6735,4725,420,2014-01-29,2,29,1,0,0,0,2,952479658,215164666,201582.9964021164,512296.82380952383,1.6693,6.432,4.8,5.108,7.072,7.192,5.6,4.9938,4.9996,5.0001
20140130,14381588964,14258960858,227916211,225754304,44901628,180852676,105288105,18939954,86348151,13588206,72759945,2161907,10381715.0,6449741.0,0.0,2108498.0,6749,4733,331,2014-01-30,3,30,1,0,0,0,1,227916211,105288105,48154.703359391504,318090.9516616314,1.6193,6.36,4.435,4.983,5.733,5.441,5.6,4.9941,4.9998,5.0001
20140131,14420780750,14381588964,87324175,85045931,20914075,64131856,48132389,10305654,37826735,7796701,30030034,2278244,5695091.0,1312061.0,0.0,3298502.0,6783,4775,242,2014-01-31,4,31,1,0,0,1,0,87324175,48132389,18287.785340314134,198894.1694214876,1.609,6.293,,,,,,,,
20140201,14423540862,14420780750,64287172,61983151,14043513,47939638,61527060,11374370,50152690,18881191,31271499,2304021,8515995.0,374269.0,0.0,2484106.0,6780,4794,309,2014-02-01,5,1,2,1,1,0,27,64287172,61527060,13409.923237380059,199116.6990291262,1.6086,6.253,,,,,,,,
20140202,14457057903,14423540862,57912761,55617117,20359506,35257611,24395720,11592943,12802777,2770284,10032493,2295644,7356053.0,1451501.0,50000.0,2735389.0,6793,4764,256,2014-02-02,6,2,2,1,0,0,26,57912761,24395720,12156.331024349287,95295.78125,1.6083,6.205,,,,,,,,
20140203,14495278557,14457057903,84329848,82037541,22041714,59995827,46109194,20070740,26038454,4221624,21816830,2292307,16201671.0,891510.0,0.0,2977559.0,6831,4772,275,2014-02-03,0,3,2,0,0,0,25,84329848,46109194,17671.80385582565,167669.79636363636,1.608,6.158,,,,,,,,
20140204,14534004870,14495278557,83653646,81355092,14062302,67292790,44927333,14428523,30498810,9930337,20568473,2298554,10980803.0,373534.0,0.0,3074186.0,6850,4795,290,2014-02-04,1,4,2,0,0,0,24,83653646,44927333,17446.01584984359,154921.83793103448,1.6078,6.085,,,,,,,,
20140205,14647641156,14534004870,209043990,206723577,21148444,185575133,95407704,34014315,61393389,14581824,46811565,2320413,18826073.0,11575400.0,0.0,3612842.0,6883,4836,338,2014-02-05,2,5,2,0,0,0,23,209043990,95407704,43226.63151364764,282271.31360946747,1.6072,6.051,,,,,,,,
20140206,14763866096,14647641156,227860276,225540877,30213062,195327815,111635336,37275155,74360181,27131322,47228859,2319399,17247754.0,8449817.0,0.0,11577584.0,6940,4888,425,2014-02-06,3,6,2,0,0,0,22,227860276,111635336,46616.25941080196,262671.3788235294,1.6069,6.044,,,,,,,,
20140207,15069202104,14763866096,578818221,576343567,133973411,442370156,273482213,28411171,245071042,43274926,201796116,2474654,9555600.0,10711762.0,350000.0,7793809.0,7075,4976,570,2014-02-07,4,7,2,0,0,0,21,578818221,273482213,116321.98975080386,479793.35614035086,1.7017,6.096,4.27,5.409,5.65,5.4,5.6,4.9939,4.9998,5.0001
20140208,15244025335,15069202104,358255468,355819907,40691777,315128130,183432237,29127148,154305089,17759331,136545758,2435561,13886035.0,3396018.0,908800.0,10936295.0,7133,5005,530,2014-02-08,5,8,2,1,0,0,20,358255468,183432237,71579.51408591408,346098.5603773585,1.6795,6.135,4.25,5.25,5.43,5.811,5.605,4.9936,4.9999,5.0001
20140209,15322982520,15244025335,341911234,339490129,51108036,288382093,262954049,28979242,233974807,22488350,211486457,2421105,14553637.0,5319961.0,0.0,9105644.0,7188,4993,546,2014-02-09,6,9,2,1,0,0,19,341911234,262954049,68478.11616262767,481600.82234432234,1.6792,6.174,,,,,,,,
20140210,15538694249,15322982520,647465140,645043184,125447760,519595424,431753411,52832088,378921323,31775846,347145477,2421956,24745375.0,11119259.0,6295100.0,10672354.0,7306,5027,642,2014-02-10,0,10,2,0,0,0,18,647465140,431753411,128797.52138452357,672513.101246106,1.7004,6.225,4.3035,5.299,5.422,5.849,5.6031,4.9936,5.0,5.0001
20140211,16114439292,15538694249,818803205,816390370,245808059,570582311,243058162,39473499,203584663,30415422,173169241,2412835,18333333.0,10147754.0,2900000.0,8092412.0,7358,5034,594,2014-02-11,1,11,2,0,0,0,17,818803205,243058162,162654.58978943186,409188.8249158249,1.677,6.263,4.137,5.201,5.28,5.758,5.6005,4.9936,5.0,5.0001
20140212,16522863143,16114439292,763009770,760453811,182145168,578308643,354585919,49996692,304589227,48908222,255681005,2555959,32197400.0,9476462.0,200000.0,8122830.0,7443,5256,606,2014-02-12,2,12,2,0,0,0,16,763009770,354585919,145169.28652968036,585125.2788778878,1.6702,6.298,4.075,5.178,5.22,5.65,5.6012,4.9955,5.0,5.0001
20140213,16786803951,16522863143,626698794,624058677,111451545,512607132,362757986,49969512,312788474,33636126,279152348,2640117,18145364.0,22342585.0,0.0,9481563.0,7479,5321,618,2014-02-13,3,13,2,0,0,0,15,626698794,362757986,117778.38639353505,586987.0323624596,1.6705,6.334,3.669,5.021,4.911,5.629,5.6037,4.9963,5.0,5.0007
20140214,17014252486,16786803951,490710434,488021625,133959311,354062314,263261899,114214873,149047026,47348366,101698660,2688809,20723108.0,14158629.0,66400000.0,12933136.0,7604,5383,584,2014-02-14,4,14,2,0,0,0,14,490710434,263261899,91159.2855285157,450790.9229452055,1.661,6.311,3.278,4.436,4.563,5.493,5.6005,4.9966,5.0,5.0001
20140215,17148181972,17014252486,255393179,252650784,50504975,202145809,121463693,23332090,98131603,26924012,71207591,2742395,5267476.0,10252720.0,2000.0,7809894.0,7669,5419,485,2014-02-15,5,15,2,1,0,0,13,255393179,121463693,47129.208156486435,250440.60412371135,1.6566,6.298,,,,,,,,
20140216,17296449376,17148181972,331324628,328597307,61936172,266661135,183057224,27525012,155532212,34056657,121475555,2727321,8113290.0,8867039.0,600000.0,9944683.0,7721,5435,561,2014-02-16,6,16,2,1,0,0,12,331324628,183057224,60961.29310027599,326305.2121212121,1.6563,6.286,,,,,,,,
20140217,17596758169,17296449376,706118060,703414276,101445973,601968303,405809267,25038922,380770345,67346083,313424262,2703784,4229717.0,8624234.0,0.0,12184971.0,7826,5448,651,2014-02-17,0,17,2,0,0,0,11,706118060,405809267,129610.51027900146,623362.9293394777,1.6526,6.259,2.951,3.879,4.483,5.365,5.6,4.9984,5.0,5.0001
20140218,17919195990,17596758169,593563145,590856887,81848295,509008592,271125324,41210804,229914520,48672510,181242010,2706258,10186242.0,13450561.0,800000.0,16774001.0,7889,5467,669,2014-02-18,1,18,2,0,0,0,10,593563145,271125324,108572.00384122919,405269.54260089685,1.6433,6.241,2.68,3.743,4.639,5.2985,5.6,4.9993,5.0,5.0001
20140219,18003573505,17919195990,408367966,405532115,45373979,360158136,323990451,27154783,296835668,37714675,259120993,2835851,12388897.0,4284479.0,410000.0,10071407.0,7900,5671,629,2014-02-19,2,19,2,0,0,0,9,408367966,323990451,72009.86880620701,515088.1573926868,1.6337,6.22,2.403,3.762,4.678,5.2942,5.6,4.9998,5.0,5.0001
20140220,18251643286,18003573505,478925191,476045215,102087332,373957883,230855410,42179906,188675504,35175830,153499674,2879976,18477114.0,6298735.0,400000.0,17004057.0,8005,5775,651,2014-02-20,3,20,2,0,0,0,8,478925191,230855410,82930.769004329,354616.6052227343,1.6358,6.201,1.981,3.703,4.149,5.22,5.596,4.9999,5.0,5.0001
20140221,18426710525,18251643286,353981687,351086615,52081757,299004858,178914448,35272987,143641461,38164915,105476546,2895072,18613738.0,9106001.0,200000.0,7353248.0,8065,5801,667,2014-02-21,4,21,2,0,0,0,7,353981687,178914448,61020.80451646268,268237.5532233883,1.6282,6.183,1.764,3.595,4.0,5.176,5.5775,4.9996,5.0,5.0001
20140222,18573998113,18426710525,282022706,279083130,97883214,181199916,134735118,37388618,97346500,13927043,83419457,2939576,18635912.0,7360790.0,250000.0,11141916.0,8079,5888,603,2014-02-22,5,22,2,1,0,0,6,282022706,134735118,47897.878057065216,223441.3233830846,1.6247,6.165,,,,,,,,
20140223,18715837772,18573998113,337053711,334129711,70825865,263303846,195214052,27025520,168188532,22090461,146098071,2924000,18202900.0,1758155.0,0.0,7064465.0,8158,5882,618,2014-02-23,6,23,2,1,0,0,5,337053711,195214052,57302.56902414145,315880.3430420712,1.6238,6.147,,,,,,,,
20140224,18898684661,18715837772,656317045,653397733,203203164,450194569,473470156,38373586,435096570,38390594,396705976,2919312,18666250.0,5194943.0,100000.0,14412393.0,8280,5904,820,2014-02-24,0,24,2,0,0,0,4,656317045,473470156,111164.81114498645,577402.6292682927,1.6323,6.136,1.7,3.339,3.97,4.968,5.5665,5.0,5.0,5.0001
20140225,19163035198,18898684661,563505889,560651569,134346664,426304905,299155352,50699394,248455958,43867571,204588387,2854320,27591630.0,9923101.0,140000.0,13044663.0,8344,5933,789,2014-02-25,1,25,2,0,0,0,3,563505889,299155352,94978.23849654476,379157.6070975919,1.6039,6.114,1.72,3.278,3.811,4.519,5.5585,5.0,5.0,5.0001
20140226,19559016661,19163035198,680801145,677828663,202317738,475510925,284819682,53686988,231132694,44707073,186425621,2972482,34530463.0,3973616.0,10000.0,15172909.0,8402,6137,776,2014-02-26,2,26,2,0,0,0,2,680801145,284819682,110933.86752484928,367035.67268041236,1.596,6.093,1.75,3.072,3.822,4.4435,5.5415,5.0,5.0,5.0001
20140227,19739139913,19559016661,672909288,669926875,141301002,528625873,492786036,61051395,431734641,33471939,398262702,2982413,31417663.0,12043988.0,1200000.0,16389744.0,8440,6192,790,2014-02-27,3,27,2,0,0,0,1,672909288,492786036,108673.98062015504,623779.7924050633,1.5792,6.062,1.75,3.43,3.761,4.368,5.536,5.0,5.0,5.0001
20140228,19845831463,19739139913,428721754,425722217,86054744,339667473,322030204,48124571,273905633,40145953,233759680,2999537,28938140.0,4281597.0,3230000.0,11674834.0,8454,6230,833,2014-02-28,4,28,2,0,0,1,0,428721754,322030204,68815.69085072231,386590.881152461,1.572,6.031,1.8458,3.529,3.753,4.316,5.529,5.0,5.0,5.0001
20140301,19997418032,19845831463,362865580,359812461,103652657,256159804,211279011,39537010,171742001,46757660,124984341,3053119,16236939.0,11679842.0,200000.0,11420229.0,8491,6286,898,2014-03-01,5,1,3,1,1,0,30,362865580,211279011,57725.991091314034,235277.29510022272,1.5698,6.001,,,,,,,,
20140302,20027420845,19997418032,276202230,273172567,90720059,182452508,246199417,46033199,200166218,38505331,161660887,3029663,24814295.0,6693602.0,100000.0,14425302.0,8532,6233,761,2014-03-02,6,2,3,1,0,0,29,276202230,246199417,44312.887854965506,323520.9159001314,1.5695,5.971,,,,,,,,
20140303,20019709347,20027420845,505305862,502322723,139970256,362352467,513017360,45213317,467804043,65897484,401906559,2983139,13301127.0,11634038.0,0.0,20278152.0,8595,6228,853,2014-03-03,0,3,3,0,0,0,28,505305862,513017360,81134.53147077713,601427.1512309496,1.5559,5.928,2.085,2.821,3.734,4.262,5.519,5.0,5.0,5.0001
20140304,20293292709,20019709347,524146340,521192622,206653555,314539067,250562978,44291502,206271476,42801499,163469977,2953718,13248763.0,13002493.0,200000.0,17840246.0,8638,6261,842,2014-03-04,1,4,3,0,0,0,27,524146340,250562978,83716.07410956715,297580.73396674584,1.5429,5.895,2.083,3.5135,3.8,4.365,5.515,5.0,5.0,5.0001
20140305,20538515447,20293292709,454295491,451245946,91287267,359958679,209072753,48032386,161040367,44777164,116263203,3049545,21573262.0,17519904.0,500000.0,8439220.0,8682,6393,798,2014-03-05,2,5,3,0,0,0,26,454295491,209072753,71061.39386829345,261995.93107769423,1.5411,5.864,2.09,3.798,3.8,4.45,5.5105,5.0,5.0,5.0001
20140306,20857153333,20538515447,561787770,558722119,240492858,318229261,243149884,30563498,212586386,34572653,178013733,3065651,12569692.0,10468619.0,230000.0,7295187.0,8748,6440,793,2014-03-06,3,6,3,0,0,0,25,561787770,243149884,87234.12577639752,306620.2824716267,1.5259,5.835,2.0547,2.486,3.762,4.64,5.5067,5.0,5.0,5.0001
20140307,20946205892,20857153333,380139779,377058943,95021643,282037300,291087220,42629946,248457274,37427390,211029884,3080836,15219807.0,11707169.0,300000.0,15402970.0,8789,6463,806,2014-03-07,4,7,3,0,0,0,24,380139779,291087220,58817.85223580381,361150.39702233253,1.517,5.805,1.9948,2.403,3.052,4.586,5.504,5.0,5.0,5.0001
20140308,21049156859,20946205892,243274169,240156774,54611908,185544866,140323202,43290047,97033155,21505157,75527998,3117395,20009862.0,7517068.0,0.0,15763117.0,8823,6510,926,2014-03-08,5,8,3,1,0,0,23,243274169,140323202,37369.30399385561,151536.93520518357,1.5148,5.774,,,,,,,,
20140309,21087596875,21049156859,244752519,241650547,68363391,173287156,206312503,31892792,174419711,26451130,147968581,3101972,12028402.0,3778937.0,0.0,16085453.0,8858,6460,758,2014-03-09,6,9,3,1,0,0,22,244752519,206312503,37887.38684210526,272180.08311345644,1.5145,5.744,,,,,,,,
20140310,21276894327,21087596875,497338076,494278563,146463415,347815148,308040624,53902450,254138174,66525423,187612751,3059513,31128809.0,11391360.0,0.0,11382281.0,8887,6456,808,2014-03-10,0,10,3,0,0,0,21,497338076,308040624,77035.01796778191,381238.396039604,1.5048,5.716,1.919,2.358,2.625,4.574,5.502,5.0,5.0,5.0
20140311,21211355257,21276894327,430500816,427448087,194534475,232913612,496039886,47244953,448794933,27674624,421120309,3052729,25105453.0,10878123.0,0.0,11261377.0,8940,6471,788,2014-03-11,1,11,3,0,0,0,20,430500816,496039886,66527.7107093185,629492.2411167512,1.4965,5.69,1.873,2.258,2.295,4.293,5.5002,5.0,5.0,5.0
20140312,21171871886,21211355257,377007897,373891397,132571107,241320290,416491268,34788679,381702589,65733259,315969330,3116500,14853107.0,10147331.0,0.0,9788241.0,8990,6630,753,2014-03-12,2,12,3,0,0,0,19,377007897,416491268,56863.93619909502,553109.2536520584,1.4997,5.668,1.9,2.211,2.208,3.872,5.5,5.0,5.0,5.0
20140313,21201185254,21171871886,346286910,343188988,102654466,240534522,316973542,47886605,269086937,55076814,214010123,3097922,28036133.0,11078163.0,0.0,8772309.0,9019,6638,772,2014-03-13,3,13,3,0,0,0,18,346286910,316973542,52167.35613136487,410587.4896373057,1.4878,5.647,1.96,2.5,2.277,3.83,5.5,5.0,5.0,5.0
20140314,21205507113,21201185254,315897431,312802600,77247724,235554876,311575572,44371878,267203694,33333597,233870097,3094831,14641147.0,16992883.0,0.0,12737848.0,9063,6698,725,2014-03-14,4,14,3,0,0,0,17,315897431,311575572,47162.94879068379,429759.40965517244,1.4831,5.628,1.8765,2.527,2.608,3.868,5.5,5.0,5.0,5.0
20140315,21250115067,21205507113,287407002,284310353,62427388,221882965,242799048,34294409,208504639,17959278,190545361,3096649,11529715.0,12385767.0,0.0,10378927.0,9092,6692,746,2014-03-15,5,15,3,1,0,0,16,287407002,242799048,42947.84847579199,325467.8927613941,1.4818,5.61,,,,,,,,
20140316,21128917911,21250115067,269387391,266319616,71014819,195304797,390584547,19600978,370983569,25259589,345723980,3067775,9109958.0,1489905.0,0.0,9001115.0,9111,6667,697,2014-03-16,6,16,3,1,0,0,15,269387391,390584547,40406.08834558272,560379.5509325681,1.4816,5.592,,,,,,,,
20140317,21027301401,21128917911,339008082,336026313,70763233,265263080,440624592,50250618,390373974,54475186,335898788,2981769,14133944.0,12153500.0,0.0,23963174.0,9167,6657,893,2014-03-17,0,17,3,0,0,0,14,339008082,440624592,50925.05362776025,493420.59574468085,1.4628,5.568,1.869,2.671,2.7,3.938,5.5,5.0,5.0,5.0
20140318,21052539792,21027301401,435479117,432490715,149391004,283099711,410240726,54642238,355598488,31133912,324464576,2988402,14884614.0,13768856.0,400000.0,25588768.0,9178,6668,883,2014-03-18,1,18,3,0,0,0,13,435479117,410240726,65308.80578884223,464598.7836919592,1.4726,5.555,2.05,2.88,2.88,4.022,5.5,5.0,5.0,5.0
20140319,20982254939,21052539792,359014064,355963833,76164526,279799307,429298917,30164627,399134290,51068160,348066130,3050231,9159892.0,5923150.0,100000.0,14981585.0,9245,6797,854,2014-03-19,2,19,3,0,0,0,12,359014064,429298917,52819.488597910844,502691.94028103043,1.4786,5.544,2.8025,3.422,3.8,4.412,5.5,5.0,5.0,5.0
20140320,21011190054,20982254939,365011495,361964978,159168755,202796223,336076380,36054285,300022095,26850670,273171425,3046517,15617501.0,9694564.0,10000.0,10732220.0,9313,6816,840,2014-03-20,3,20,3,0,0,0,11,365011495,336076380,53552.15595657277,400090.9285714286,1.4772,5.538,3.011,3.474,3.641,4.619,5.5,5.0,5.0,5.0
20140321,21033886586,21011190054,282351818,279298412,81707625,197590787,259655286,39994785,219660501,49883826,169776675,3053406,14312959.0,6599091.0,0.0,19082735.0,9341,6824,826,2014-03-21,4,21,3,0,0,0,10,282351818,259655286,41376.29220398593,314352.64648910414,1.4787,5.535,2.5,3.6,3.78,4.895,5.5,5.0,5.0,5.0
20140322,21087547309,21033886586,191700135,188663159,104204913,84458246,138039412,33200246,104839166,21342777,83496389,3036976,18996630.0,4236366.0,0.0,9967250.0,9352,6838,738,2014-03-22,5,22,3,1,0,0,9,191700135,138039412,28034.53275811641,187045.27371273714,1.4638,5.526,,,,,,,,
20140323,21068560367,21087547309,167456369,164431433,61783931,102647502,186443311,30812667,155630644,23200850,132429794,3024936,17490217.0,4597217.0,0.0,8725233.0,9394,6802,752,2014-03-23,6,23,3,1,0,0,8,167456369,186443311,24618.695824757426,247929.93484042553,1.4636,5.516,,,,,,,,
20140324,20943915442,21068560367,313180334,310195156,121357732,188837424,437825259,38247589,399577670,35544574,364033096,2985178,21650053.0,4961853.0,500000.0,11135683.0,9469,6796,897,2014-03-24,0,24,3,0,0,0,7,313180334,437825259,46083.03914067098,488099.508361204,1.4542,5.511,2.5,3.578,3.823,5.148,5.5,5.0,5.0,5.0
20140325,20945549933,20943915442,314345006,311396094,94883459,216512635,312710515,47181167,265529348,43213212,222316136,2948912,13937470.0,21295497.0,0.0,11948200.0,9493,6809,859,2014-03-25,1,25,3,0,0,0,6,314345006,312710515,46166.10456748421,364040.18044237484,1.446,5.496,2.5,3.6295,4.064,5.125,5.5,5.0,5.0,5.0
20140326,20768231244,20945549933,272935544,269973892,118271061,151702831,450254233,38674025,411580208,51808075,359772133,2961652,20212220.0,5598087.0,0.0,12863718.0,9512,6921,882,2014-03-26,2,26,3,0,0,0,5,272935544,450254233,39435.853778355726,510492.3276643991,1.4345,5.472,2.52,3.868,4.53,4.835,5.5,5.0,5.0,5.0
20140327,20675390684,20768231244,266231082,263304080,106411792,156892288,359071642,36993856,322077786,33134383,288943403,2927002,20201000.0,4421787.0,0.0,12371069.0,9553,6944,871,2014-03-27,3,27,3,0,0,0,4,266231082,359071642,38339.72955069124,412252.17221584386,1.4273,5.445,2.658,4.812,5.161,4.938,5.5,5.0,5.0,5.0
20140328,20495913093,20675390684,225966355,223056705,69697401,153359304,405443946,37979942,367464004,35799401,331664603,2909650,14429832.0,9811169.0,0.0,13738941.0,9579,6942,895,2014-03-28,4,28,3,0,0,0,3,225966355,405443946,32550.612935753386,453009.9955307263,1.4255,5.415,2.75,4.168,5.46,4.769,5.5,5.0,5.0,5.0
20140329,20501158022,20495913093,160250985,157359026,54547795,102811231,155006056,31519710,123486346,32626204,90860142,2891959,17664795.0,4687901.0,100000.0,9067014.0,9637,6956,790,2014-03-29,5,29,3,1,0,0,2,160250985,155006056,23037.806929269696,196210.19746835442,1.4259,5.395,,,,,,,,
20140330,20441977145,20501158022,205533934,202657833,64340475,138317358,264714811,34723348,229991463,45887646,184103817,2876101,14600415.0,9441313.0,0.0,10681620.0,9674,6911,780,2014-03-30,6,30,3,1,0,0,1,205533934,264714811,29740.1148893069,339377.9628205128,1.4257,5.374,,,,,,,,
20140331,20417009416,20441977145,398884905,396026448,154073551,241952897,423852634,48345100,375507534,56545010,318962524,2858457,15131526.0,19797628.0,210000.0,13205946.0,9738,6933,1005,2014-03-31,0,31,3,0,0,1,0,398884905,423852634,57534.24275205539,421743.9144278607,1.431,5.361,2.8,4.184,5.467,4.617,5.5,5.0,5.0,5.0
20140401,20592900643,20417009416,453320585,450478122,146539591,303938531,277429358,49540539,227888819,37116613,190772206,2842463,16208162.0,13781112.0,280000.0,19271265.0,9798,6948,1008,2014-04-01,1,1,4,0,1,0,29,453320585,277429358,65244.7589234312,275227.5376984127,1.4368,5.356,2.866,4.205,4.503,4.6,5.5,5.0,5.0,5.0
20140402,20675635695,20592900643,355347118,352449616,141024158,211425458,272612066,51040952,221571114,28301147,193269967,2897502,16141646.0,21068826.0,200000.0,13630480.0,9812,7043,963,2014-04-02,2,2,4,0,0,0,28,355347118,272612066,50453.94263808036,283086.25752855657,1.437,5.357,2.95,4.225,4.504,4.6,5.5,5.0,5.0,5.0
20140403,20772907358,20675635695,363877120,360958034,165866758,195091276,266605457,45762040,220843417,46915541,173927876,2919086,12047671.0,14437186.0,380000.0,18897183.0,9873,7078,947,2014-04-03,3,3,4,0,0,0,27,363877120,266605457,51409.59593105397,281526.35374868003,1.4364,5.362,2.95,4.103,4.457,4.6,5.5,5.0,5.0,5.0
20140404,20824610615,20772907358,251895894,248968008,62838487,186129521,200192637,37871189,162321448,35154471,127166977,2927886,14199433.0,12740751.0,1000000.0,9931005.0,9858,7070,893,2014-04-04,4,4,4,0,0,0,26,251895894,200192637,35628.839321074964,224179.88465845466,1.4338,5.367,2.763,2.997,4.278,4.597,5.5,5.0,5.0,5.0
20140405,20863747475,20824610615,202336542,199391149,68763348,130627801,163199682,43889726,119309956,23061774,96248182,2945393,19793373.0,13249520.0,0.0,10846833.0,9864,7063,712,2014-04-05,5,5,4,1,0,0,25,202336542,163199682,28647.39374203596,229213.03651685393,1.4318,5.37,,,,,,,,
20140406,20853648046,20863747475,129477254,126550557,36688261,89862296,139576683,29557907,110018776,41472248,68546528,2926697,21741519.0,1500329.0,0.0,6316059.0,9885,7037,694,2014-04-06,6,6,4,1,0,0,24,129477254,139576683,18399.496092084693,201119.13976945245,1.4314,5.373,,,,,,,,
20140407,20873617708,20853648046,196936223,194021386,64582752,129438634,176966561,40119763,136846798,35095605,101751193,2914837,16019023.0,11785356.0,0.0,12315384.0,9922,7011,797,2014-04-07,0,7,4,0,0,0,23,196936223,176966561,28089.605334474396,222040.85445420328,1.4312,5.373,,,,,,,,
20140408,20978372726,20873617708,354770149,351854096,104834487,247019609,250015131,44570398,205444733,31814997,173629736,2916053,19314599.0,7143351.0,1500000.0,16612448.0,9951,7074,993,2014-04-08,1,8,4,0,0,0,22,354770149,250015131,50151.27919140515,251777.57401812688,1.4263,5.368,2.713,3.591,4.21,4.437,5.5,5.0,5.0,5.0
20140409,21072390013,20978372726,383347565,380410136,150308931,230101205,289330278,50308002,239022276,37522743,201499533,2937429,18615068.0,12029732.0,5000000.0,14663202.0,10001,7104,899,2014-04-09,2,9,4,0,0,0,21,383347565,289330278,53962.213541666664,321835.68186874304,1.4239,5.36,2.74,3.67,4.182,4.401,5.5,5.0,5.0,5.0
20140410,21172042609,21072390013,386567460,383627601,164835943,218791658,286914864,53154622,233760242,44846276,188913966,2939859,22256126.0,18501491.0,0.0,12397005.0,10042,7137,871,2014-04-10,3,10,4,0,0,0,20,386567460,286914864,54163.85876418663,329408.56946039037,1.4202,5.351,2.74,3.708,3.715,4.375,5.5,5.0,5.0,5.0
20140411,21132795057,21172042609,237829882,234895147,71143892,163751255,277077434,84205696,192871738,31674982,161196756,2934735,22915837.0,19982491.0,30000000.0,11307368.0,10074,7142,882,2014-04-11,4,11,4,0,0,0,19,237829882,277077434,33300.17950154019,314146.75056689343,1.4106,5.339,2.75,3.701,3.703,4.209,5.5,5.0,5.0,5.0
20140412,21187141790,21132795057,177642053,174695525,63462337,111233188,123295320,39287860,84007460,23075537,60931923,2946528,18311613.0,10760873.0,1000000.0,9215374.0,10066,7142,728,2014-04-12,5,12,4,1,0,0,18,177642053,123295320,24872.87216465976,169361.7032967033,1.4099,5.327,,,,,,,,
20140413,21216380053,21187141790,208172985,205239452,95888440,109351012,178934722,50587988,128346734,16961535,111385199,2933533,21354731.0,7508517.0,6000000.0,15724740.0,10138,7136,844,2014-04-13,6,13,4,1,0,0,17,208172985,178934722,29172.223234304933,212007.9644549763,1.4097,5.315,,,,,,,,
20140414,21110246338,21216380053,309853269,306943182,110231602,196711580,415986984,40950669,375036315,48560908,326475407,2910087,16499997.0,13988693.0,1600000.0,8861979.0,10165,7107,896,2014-04-14,0,14,4,0,0,0,16,309853269,415986984,43598.32123258759,464271.1875,1.4048,5.3,2.639,3.57,3.7,4.165,5.5,5.0,5.0,5.0
20140415,21253634493,21110246338,428681231,425805725,166536898,259268827,285293076,35499014,249794062,25902576,223891486,2875506,8301757.0,11161767.0,0.0,16035490.0,10181,7128,926,2014-04-15,1,15,4,0,0,0,15,428681231,285293076,60140.46450617284,308091.8747300216,1.4022,5.287,2.449,3.444,3.388,4.102,5.5,5.0,5.0,5.0
20140416,21385567691,21253634493,387847838,384939019,153844890,231094129,255914640,43923418,211991222,34265047,177726175,2908819,11575616.0,14041543.0,500000.0,17806259.0,10206,7189,889,2014-04-16,2,16,4,0,0,0,14,387847838,255914640,53950.179162609544,287867.98650168726,1.3958,5.272,2.298,2.726,3.003,4.085,5.5,5.0,5.0,5.0
20140417,21476018746,21385567691,355792647,352880124,159555287,193324837,265341592,38627405,226714187,43037306,183676881,2912523,13706522.0,15642976.0,0.0,9277907.0,10215,7241,855,2014-04-17,3,17,4,0,0,0,13,355792647,265341592,49135.84408230907,310341.0432748538,1.3866,5.253,2.181,2.721,2.764,4.06,5.5,5.0,5.0,5.0
20140418,21489366220,21476018746,239300383,236377510,73108437,163269073,225952909,32020413,193932496,42736396,151196100,2922873,12809085.0,7519332.0,100000.0,11591996.0,10251,7254,837,2014-04-18,4,18,4,0,0,0,12,239300383,225952909,32988.748690377724,269955.6857825568,1.3841,5.239,2.0,2.761,2.782,3.93,5.5,5.0,5.0,5.0
20140419,21611720646,21489366220,268729366,265789873,146828058,118961815,146374940,33261685,113113255,27904791,85208464,2939493,10339303.0,6045501.0,100000.0,16776881.0,10263,7251,828,2014-04-19,5,19,4,1,0,0,11,268729366,146374940,37061.00758516067,176781.32850241545,1.3835,5.224,,,,,,,,
20140420,21641922394,21611720646,191259529,188336377,71649902,116686475,161057781,35438855,125618926,40827019,84791907,2923152,13594139.0,11989773.0,200000.0,9654943.0,10280,7204,835,2014-04-20,6,20,4,1,0,0,10,191259529,161057781,26549.07398667407,192883.57005988024,1.383,5.21,,,,,,,,
20140421,21647421805,21641922394,301134667,298219498,109912061,188307437,295635256,65340198,230295058,40422597,189872461,2915169,26604522.0,9785580.0,10000000.0,18950096.0,10318,7202,975,2014-04-21,0,21,4,0,0,0,9,301134667,295635256,41812.64468203277,303215.64717948716,1.3866,5.2,1.98,2.713,2.994,3.767,5.5,5.0,5.0,5.0
20140422,21663860421,21647421805,285248757,282350142,94938709,187411433,268810141,46610311,222199830,46793868,175405962,2898615,20659354.0,9066361.0,3500000.0,13384596.0,10304,7184,871,2014-04-22,1,22,4,0,0,0,8,285248757,268810141,39706.11873608018,308622.43513203214,1.3813,5.188,1.9262,3.029,3.311,3.808,5.5,5.0,5.0,5.0
20140423,21699066792,21663860421,313677307,310757394,101574511,209182883,278470936,47960929,230510007,59708761,170801246,2919913,19546607.0,6627122.0,0.0,21787200.0,10330,7283,936,2014-04-23,2,23,4,0,0,0,7,313677307,278470936,43069.79362899904,297511.68376068375,1.3654,5.171,1.963,3.08,3.715,3.9511,5.5,5.0,5.0,5.0
20140424,21792888929,21699066792,318358891,315468612,141918866,173549746,224536754,43022139,181514615,33308384,148206231,2890279,18081663.0,7820522.0,0.0,17119954.0,10373,7271,940,2014-04-24,3,24,4,0,0,0,6,318358891,224536754,43784.74638976757,238868.88723404254,1.3515,5.152,2.303,3.521,4.147,4.32,5.5,5.0,5.0,5.0
20140425,21786052069,21792888929,220927432,218042417,83493221,134549196,227764292,41053152,186711140,30947018,155764122,2885015,22010904.0,6160902.0,0.0,12881346.0,10409,7283,949,2014-04-25,4,25,4,0,0,0,5,220927432,227764292,30334.67417273102,240004.52265542676,1.344,5.13,2.31,3.503,4.329,4.286,5.49,5.0,5.0,5.0
20140426,21779554522,21786052069,151625415,148727987,56777731,91950256,158122962,34986838,123136124,19403230,103732894,2897428,20485811.0,4358700.0,0.0,10142327.0,10421,7305,819,2014-04-26,5,26,4,1,0,0,4,151625415,158122962,20756.388090349075,193068.32967032967,1.3441,5.109,,,,,,,,
20140427,21734477096,21779554522,146837951,143955720,61671443,82284277,191915377,28315151,163600226,56209644,107390582,2882231,13113694.0,5166372.0,500000.0,9535085.0,10446,7251,842,2014-04-27,6,27,4,1,0,0,3,146837951,191915377,20250.71728037512,227928.00118764845,1.3439,5.087,,,,,,,,
20140428,21731689633,21734477096,324937272,322059893,125000679,197059214,327724735,53228205,274496530,58440825,216055705,2877379,29942962.0,9068195.0,0.0,14217048.0,10484,7231,999,2014-04-28,0,28,4,0,0,0,2,324937272,327724735,44936.69921172728,328052.7877877878,1.3506,5.067,2.406,4.025,4.543,4.6,5.4982,5.0,5.0,5.0
20140429,21754718388,21731689633,330607104,327753580,127521090,200232490,307578349,48275458,259302891,68367067,190935824,2853524,16959147.0,12786405.0,5500000.0,13029906.0,10457,7224,961,2014-04-29,1,29,4,0,0,0,1,330607104,307578349,45765.10299003322,320060.71696149843,1.346,5.048,2.604,4.0738,4.885,4.593,5.5,5.0,5.0,5.0
20140430,21732973743,21754718388,260091330,257193410,79931074,177262336,281835975,61314568,220521407,48418212,172103195,2897920,32431548.0,14736022.0,2000000.0,12146998.0,10492,7331,957,2014-04-30,2,30,4,0,0,1,0,260091330,281835975,35478.28809166553,294499.4514106583,1.3511,5.04,2.5,4.134,4.176,4.604,5.495,5.0,5.0,5.0
20140501,21782656094,21732973743,193045106,190175350,58404844,131770506,143362755,46481549,96881206,18924739,77956467,2869756,20007633.0,15114464.0,0.0,11359452.0,10513,7315,822,2014-05-01,3,1,5,0,1,0,30,193045106,143362755,26390.30840738209,174407.24452554746,1.3364,5.032,,,,,,,,
20140502,21786770288,21782656094,125336258,122453074,33113882,89339192,121222064,24171256,97050808,24940239,72110569,2883184,8038233.0,5887972.0,0.0,10245051.0,10516,7307,805,2014-05-02,4,2,5,0,0,0,29,125336258,121222064,17152.902422334748,150586.4149068323,1.3362,5.028,,,,,,,,
20140503,21772296733,21786770288,185094488,182203439,54073496,128129943,199568043,41506485,158061558,44076367,113985191,2891049,19600662.0,11321084.0,80000.0,10504739.0,10526,7301,780,2014-05-03,5,3,5,1,0,0,28,185094488,199568043,25351.936447062046,255856.46538461538,1.3361,5.023,,,,,,,,
20140504,21662162261,21772296733,303087562,300180905,88981143,211199762,413222034,65972622,347249412,53215849,294033563,2906657,30053897.0,18155143.0,2000000.0,15763582.0,10555,7309,956,2014-05-04,6,4,5,1,0,0,27,303087562,413222034,41467.71952387467,432240.6213389121,1.3543,5.029,2.4,3.683,3.708,4.5,5.482,5.0,5.0,5.0
20140505,21723755629,21662162261,370924149,368099706,102948704,265151002,309330781,66043856,243286925,50320676,192966249,2824443,19063438.0,18803977.0,9800000.0,18376441.0,10612,7301,964,2014-05-05,0,5,5,0,0,0,26,370924149,309330781,50804.56773044788,320882.5529045643,1.3378,5.022,2.37,3.14,3.158,4.058,5.4655,5.0,5.0,5.0
20140506,21700649661,21723755629,318002728,315096777,81567892,233528885,341108696,61126871,279981825,43725251,236256574,2905951,28463064.0,19529487.0,0.0,13134320.0,10624,7276,973,2014-05-06,1,6,5,0,0,0,25,318002728,341108696,43705.70753161077,350574.19938335044,1.3831,5.042,2.37,3.092,3.158,3.941,5.4474,5.0,5.0,5.0
20140507,21878604180,21700649661,417327518,414463880,164553784,249910096,239372999,40650214,198722785,50672610,148050175,2863638,15217788.0,10674770.0,200000.0,14557656.0,10656,7356,910,2014-05-07,2,7,5,0,0,0,24,417327518,239372999,56732.94154431756,263047.25164835167,1.3393,5.036,2.37,3.1125,3.092,3.882,5.4167,5.0,5.0,5.0
20140508,21998255437,21878604180,392838756,390000657,156177372,233823285,273187499,47941936,225245563,31709467,193536096,2838099,21313500.0,12667055.0,500000.0,13461381.0,10671,7363,918,2014-05-08,3,8,5,0,0,0,23,392838756,273187499,53353.0837973652,297589.86819172115,1.3221,5.028,2.23,3.204,3.106,3.79,5.3992,5.0,5.0,5.0
20140509,22031990475,21998255437,281479009,278616335,127662531,150953804,247743971,48319772,199424199,25566249,173857950,2862674,19011357.0,12793116.0,0.0,16515299.0,10715,7377,922,2014-05-09,4,9,5,0,0,0,22,281479009,247743971,38156.297817541,268702.7885032538,1.3244,5.022,2.2205,3.194,3.121,3.773,5.3909,5.0,5.0,5.0
20140510,22171982318,22031990475,287240171,284388148,79585779,204802369,147248328,38040745,109207583,28255521,80952062,2852023,17043831.0,7918673.0,0.0,13078241.0,10705,7370,835,2014-05-10,5,10,5,1,0,0,21,287240171,147248328,38974.24301221167,176345.302994012,1.3117,5.008,,,,,,,,
20140511,22201460800,22171982318,182424063,179585742,55148430,124437312,152945581,38400973,114544608,22454098,92090510,2838321,23244761.0,4769740.0,0.0,10386472.0,10753,7370,872,2014-05-11,6,11,5,1,0,0,20,182424063,152945581,24752.2473541384,175396.30848623853,1.3115,4.985,,,,,,,,
20140512,22232616489,22201460800,325108597,322293245,95909491,226383754,293952908,48093256,245859652,34572657,211286995,2815352,23459482.0,11948012.0,0.0,12685762.0,10767,7332,924,2014-05-12,0,12,5,0,0,0,19,325108597,293952908,44341.05250954719,318130.85281385283,1.3083,4.969,2.2135,3.18,3.198,3.66,5.3764,5.0,5.0,5.0
20140513,22249939607,22232616489,275241493,272439137,91142159,181296978,257918375,61456142,196462233,20219614,176242619,2802356,22002316.0,20692588.0,0.0,18761238.0,10788,7335,896,2014-05-13,1,13,5,0,0,0,18,275241493,257918375,37524.40259032038,287855.3292410714,1.3022,4.924,2.35,3.181,3.2498,3.617,5.3414,5.0,5.0,5.0
20140514,22239188687,22249939607,305474522,302621995,100837254,201784741,316225442,45318037,270907405,25171614,245735791,2852527,12943426.0,21431187.0,0.0,10943424.0,10790,7436,884,2014-05-14,2,14,5,0,0,0,17,305474522,316225442,41080.489779451316,357721.0882352941,1.2986,4.902,2.3666,3.236,3.233,3.5675,5.3198,5.0,5.0,5.0
20140515,22314248133,22239188687,313367089,310522196,93964517,216557679,238307643,37879297,200428346,39601697,160826649,2844893,13850161.0,10501873.0,0.0,13527263.0,10824,7460,933,2014-05-15,3,15,5,0,0,0,16,313367089,238307643,42006.312198391424,255420.8392282958,1.2971,4.888,2.35,3.1355,3.202,3.651,5.2665,5.0,5.0,5.0
20140516,22264120640,22314248133,231967423,229109632,72479256,156630376,282094916,37551420,244543496,40061114,204482382,2857791,17461049.0,8162758.0,0.0,11927613.0,10849,7450,930,2014-05-16,4,16,5,0,0,0,15,231967423,282094916,31136.566845637582,303327.86666666664,1.2986,4.874,2.37,3.129,3.127,3.69,5.2418,5.0,5.0,5.01
20140517,22289250136,22264120640,170983868,168161205,50405690,117755515,145854372,32944450,112909922,36624963,76284959,2822663,14418686.0,8480027.0,400000.0,9645737.0,10868,7478,791,2014-05-17,5,17,5,1,0,0,14,170983868,145854372,22864.919497191764,184392.37926675094,1.2818,4.858,,,,,,,,
20140518,22300229759,22289250136,164419642,161609998,51132867,110477131,153440019,40062277,113377742,26863477,86514265,2809644,13566710.0,11286898.0,0.0,15208669.0,10874,7407,784,2014-05-18,6,18,5,1,0,0,13,164419642,153440019,22197.872552990415,195714.3099489796,1.2816,4.842,,,,,,,,
20140519,22265516283,22300229759,259077930,256179008,71313677,184865331,293791406,51391608,242399798,60660169,181739629,2898922,23700171.0,11164863.0,400000.0,16126574.0,10914,7422,991,2014-05-19,0,19,5,0,0,0,12,259077930,293791406,34906.75424413905,296459.54187689204,1.3283,4.853,2.396,3.1,3.1318,3.736,5.2142,5.0,5.0,5.011
20140520,22459430866,22265516283,453955303,451059660,243711613,207348047,260040720,47536760,212503960,22815508,189688452,2895643,15528877.0,17605031.0,1000000.0,13402852.0,10930,7459,1012,2014-05-20,1,20,5,0,0,0,11,453955303,260040720,60860.07547928677,256957.23320158102,1.3308,4.868,2.427,3.361,3.579,4.095,5.1772,5.0,5.0,5.003
20140521,22507006862,22459430866,297799722,294888620,130386891,164501729,250223726,45455883,204767843,29873517,174894326,2911102,18485493.0,13919627.0,0.0,13050763.0,10971,7518,970,2014-05-21,2,21,5,0,0,0,10,297799722,250223726,39611.56185155627,257962.60412371135,1.323,4.882,2.528,3.353,3.925,4.2,5.1215,5.0,5.0,5.0026
20140522,22600534926,22507006862,344636549,341774952,167436704,174338248,251108485,45562332,205546153,29111692,176434461,2861597,24143791.0,7775269.0,0.0,13643272.0,10999,7508,941,2014-05-22,3,22,5,0,0,0,9,344636549,251108485,45902.57711774108,266852.80021253985,1.2887,4.877,2.51,3.419,3.919,4.203,5.0935,5.0,5.0,5.0014
20140523,22621080334,22600534926,249546195,246693653,114513174,132180479,229000787,60184458,168816329,29314656,139501673,2852542,28793597.0,10088986.0,10000000.0,11301875.0,11029,7521,941,2014-05-23,4,23,5,0,0,0,8,249546195,229000787,33179.92221779019,243358.9659936238,1.281,4.867,2.53,3.405,3.908,4.0685,5.0675,5.0,5.0,5.0013
20140524,22626743720,22621080334,160073254,157281426,57666965,99614461,154409868,30780112,123629756,24105065,99524691,2791828,13101159.0,6501748.0,0.0,11177205.0,11039,7519,841,2014-05-24,5,24,5,1,0,0,7,160073254,154409868,21289.16797446469,183602.69678953628,1.2488,4.849,,,,,,,,
20140525,22562682488,22626743720,166943526,164165899,67087564,97078335,231004758,45685873,185318885,32503867,152815018,2777627,21733826.0,12497423.0,0.0,11454624.0,11053,7484,890,2014-05-25,6,25,5,1,0,0,6,166943526,231004758,22306.724478888296,259555.90786516853,1.2486,4.831,,,,,,,,
20140526,22632865784,22562682488,344890868,342134083,145189089,196944994,274707572,54429404,220278168,32625021,187653147,2756785,27300907.0,15985537.0,200000.0,10942960.0,11082,7444,1025,2014-05-26,0,26,5,0,0,0,5,344890868,274707572,46331.39011284256,268007.3873170732,1.249,4.788,2.5025,3.195,3.822,4.1,5.0413,5.0,5.0,5.0012
20140527,22609949494,22632865784,299049555,296280007,95780761,200499246,321965845,54053714,267912131,39321226,228590905,2769548,19319758.0,10194500.0,12000000.0,12539456.0,11084,7455,945,2014-05-27,1,27,5,0,0,0,4,299049555,321965845,40113.957746478874,340704.5978835979,1.2548,4.746,2.541,3.247,3.39,4.0,5.0197,5.0,5.0,5.0002
20140528,22470192623,22609949494,276134813,273325022,78926517,194398505,415891684,74293409,341598275,45105847,296492428,2809791,35485858.0,18938486.0,0.0,19869065.0,11081,7545,1010,2014-05-28,2,28,5,0,0,0,3,276134813,415891684,36598.38475811796,411773.94455445546,1.2597,4.712,2.51,3.2,3.33,3.94,4.9768,5.0,5.0,5.0001
20140529,22476914686,22470192623,320549863,317800649,135204257,182596392,313827800,54803737,259024063,44776734,214247329,2749214,25441561.0,13327616.0,200000.0,15834560.0,11093,7528,913,2014-05-29,3,29,5,0,0,0,2,320549863,313827800,42581.012619553665,343732.5301204819,1.2381,4.684,2.51,3.215,3.349,3.877,4.9418,4.999,5.0,5.0001
20140530,22390660208,22476914686,226547701,223709770,95966704,127743066,312802179,52407524,260394655,39094557,221300098,2837931,21152886.0,18218269.0,2000000.0,11036369.0,11100,7543,964,2014-05-30,4,30,5,0,0,0,1,226547701,312802179,30034.164258252684,324483.58817427384,1.279,4.683,2.57,3.23,3.324,3.861,4.925,4.9998,5.0,5.0
20140531,22394621814,22390660208,146823669,144080973,52834335,91246638,142862063,23557943,119304120,41776332,77527788,2742696,11247495.0,3221185.0,0.0,9089263.0,11110,7511,788,2014-05-31,5,31,5,1,0,1,0,146823669,142862063,19547.81906537079,181297.0342639594,1.2376,4.677,,,,,,,,
20140601,22428282336,22394621814,183489775,180762669,55046557,125716112,149829253,33825537,116003716,32936169,83067547,2727106,16044694.0,6016423.0,0.0,11764420.0,11116,7475,845,2014-06-01,6,1,6,1,1,0,29,183489775,149829253,24547.127090301005,177312.72544378697,1.2364,4.67,,,,,,,,
20140602,22416092232,22428282336,158219402,155516287,48900709,106615578,170409506,38668393,131741113,42274603,89466510,2703115,14726755.0,12756543.0,0.0,11185095.0,11141,7444,791,2014-06-02,0,2,6,0,0,0,28,158219402,170409506,21254.621440085975,215435.53223767382,1.2305,4.66,,,,,,,,
20140603,22301357112,22416092232,270887462,268143582,83629149,184514433,385622582,55464815,330157767,42540883,287616884,2743880,27864412.0,11417502.0,3000000.0,13182901.0,11180,7503,1049,2014-06-03,1,3,6,0,0,0,27,270887462,385622582,36103.886711981875,367609.70638703526,1.2473,4.656,2.521,3.18,3.38,3.716,4.883,4.9958,4.998,5.0
20140604,22271839018,22301357112,274460744,271682147,71225908,200456239,303978838,54260600,249718238,28188601,221529637,2778597,25227583.0,8072245.0,0.0,20960772.0,11178,7523,962,2014-06-04,2,4,6,0,0,0,26,274460744,303978838,36482.885019274225,315986.3180873181,1.2611,4.657,2.561,3.152,3.334,3.931,4.855,4.9868,4.9967,5.0
20140605,22296236140,22271839018,380042567,377223821,128566594,248657227,355645445,89226348,266419097,62031088,204388009,2818746,24584802.0,21082940.0,33700000.0,9858606.0,11221,7565,888,2014-06-05,3,5,6,0,0,0,25,380042567,355645445,50236.955320555186,400501.62725225225,1.2818,4.681,2.576,3.07,3.448,3.878,4.8393,4.9733,4.9967,5.0
20140606,22322787973,22296236140,301413900,298679366,111954129,186725237,274862067,55681761,219180306,55267471,163912835,2734534,24165597.0,13959940.0,5000000.0,12556224.0,11234,7546,978,2014-06-06,4,6,6,0,0,0,24,301413900,274862067,39943.53299761463,281045.05828220857,1.2476,4.664,2.5808,3.15,3.442,3.984,4.8259,4.9609,4.9959,5.0
20140607,22364386391,22322787973,187801995,185054361,70098919,114955442,146203577,38318930,107884647,37280499,70604148,2747634,20423178.0,4423930.0,1500000.0,11971822.0,11237,7524,819,2014-06-07,5,7,6,1,0,0,23,187801995,146203577,24960.39274322169,178514.74603174604,1.2474,4.669,,,,,,,,
20140608,22497032328,22364386391,302171269,299436270,185513854,113922416,169525332,36440988,133084344,36849979,96234365,2734999,10826548.0,12990744.0,0.0,12623696.0,11241,7495,807,2014-06-08,6,8,6,1,0,0,22,302171269,169525332,40316.38012008005,210068.56505576207,1.2473,4.675,,,,,,,,
20140609,22575626550,22497032328,366114374,363337491,145389158,217948333,287520152,52422163,235097989,36264508,198833481,2776883,19511066.0,17257000.0,500000.0,15154097.0,11292,7530,961,2014-06-09,0,9,6,0,0,0,21,366114374,287520152,48620.766799468794,299188.50364203955,1.2719,4.698,2.58,3.13,3.158,4.161,4.8181,4.9603,4.9938,5.0
20140610,22631468122,22575626550,354031597,351275811,104890851,246384960,298190025,68280581,229909444,43253854,186655590,2755786,16761012.0,21113167.0,11000000.0,19406402.0,11299,7500,921,2014-06-10,1,10,6,0,0,0,20,354031597,298190025,47204.212933333336,323767.671009772,1.2628,4.706,2.57,3.13,3.132,4.159,4.8095,4.9615,4.9946,5.0
20140611,22713002035,22631468122,327661453,324824312,114930250,209894062,246127540,80918118,165209422,22604403,142605019,2837141,23969444.0,32366329.0,150000.0,24432345.0,11333,7582,914,2014-06-11,2,11,6,0,0,0,19,327661453,246127540,43215.70205750462,269286.1487964989,1.2723,4.712,2.592,3.15,3.223,4.381,4.7941,4.9606,4.9926,5.0
20140612,22808899335,22713002035,332365185,329539251,112210380,217328871,236467885,75247726,161220159,44402104,116818055,2825934,22460256.0,11796443.0,30000000.0,10991027.0,11349,7584,911,2014-06-12,3,12,6,0,0,0,18,332365185,236467885,43824.52333860759,259569.57738748626,1.2625,4.702,2.597,3.154,3.25,4.719,4.7862,4.9601,4.9925,5.0
20140613,22639024065,22808899335,216923770,214045806,51040378,163005428,386799040,56967852,329831188,44823413,285007775,2877964,21637898.0,21161652.0,1500000.0,12668302.0,11379,7613,953,2014-06-13,4,13,6,0,0,0,17,216923770,386799040,28493.861815315908,405875.17313746066,1.2801,4.719,2.6,3.04,3.259,4.814,4.7794,4.96,4.9935,5.0
20140614,22590682404,22639024065,181574530,178733395,59184032,119549363,229916191,29831979,200084212,36576832,163507380,2841135,9471664.0,8120370.0,2000000.0,10239945.0,11390,7633,842,2014-06-14,5,14,6,1,0,0,16,181574530,229916191,23788.095113323725,273059.60926365794,1.2678,4.73,,,,,,,,
20140615,22640138774,22590682404,166080126,163263976,41933752,121330224,116623756,30194033,86429723,25396456,61033267,2816150,16127815.0,5219992.0,100000.0,8746226.0,11407,7591,863,2014-06-15,6,15,6,1,0,0,15,166080126,116623756,21878.556975365565,135137.60834298958,1.2677,4.742,,,,,,,,
20140616,22535097769,22640138774,387308484,384522342,120664648,263857694,492349489,58644674,433704815,28981923,404722892,2786142,13282813.0,22429553.0,2000000.0,20932308.0,11433,7584,1060,2014-06-16,0,16,6,0,0,0,14,387308484,492349489,51069.15664556962,464480.65,1.2581,4.734,2.6,3.006,3.237,5.058,4.7777,4.951,4.9889,5.0
20140617,22302888239,22535097769,270350693,267626738,87121582,180505156,502560223,46759557,455800666,37324504,418476162,2723955,9551608.0,21318782.0,0.0,15889167.0,11451,7577,1100,2014-06-17,1,17,6,0,0,0,13,270350693,502560223,35680.43988385905,456872.93,1.2436,4.724,2.6,3.031,3.568,4.941,4.7825,4.9347,4.9867,5.0
20140618,22216230718,22302888239,335262709,332565225,131652090,200913135,421920230,43682078,378238152,57752818,320485334,2697484,11501811.0,12388710.0,2000000.0,17791557.0,11487,7681,1104,2014-06-18,2,18,6,0,0,0,12,335262709,421920230,43648.3151933342,382174.1213768116,1.2244,4.697,2.639,3.074,4.511,4.972,4.7767,4.9277,4.9842,5.0
20140619,22269883545,22216230718,338609087,335998519,177935245,158063274,284956260,45420417,239535843,47067117,192468726,2610568,15782426.0,14463276.0,0.0,15174715.0,11497,7638,1077,2014-06-19,3,19,6,0,0,0,11,338609087,284956260,44332.16640481802,264583.3426183844,1.193,4.66,2.698,3.093,4.03,5.233,4.7692,4.9216,4.9805,5.0
20140620,22234883010,22269883545,251582530,248879061,71879168,176999893,286583065,44882716,241700349,35442161,206258188,2703469,15957518.0,16500635.0,0.0,12424563.0,11502,7673,1096,2014-06-20,4,20,6,0,0,0,10,251582530,286583065,32788.026847386944,261480.89872262772,1.2332,4.634,2.759,3.402,4.578,5.435,4.7751,4.9139,4.9796,5.0
20140621,22181878421,22234883010,177999186,175409451,55976436,119433015,231003775,54561773,176442002,24826865,151615137,2589735,20497072.0,19444316.0,1500000.0,13120385.0,11528,7636,916,2014-06-21,5,21,6,1,0,0,9,177999186,231003775,23310.52723939235,252187.52729257641,1.1774,4.585,,,,,,,,
20140622,21967773588,22181878421,147180819,144611888,41425751,103186137,361285652,49236322,312049330,31032946,281016384,2568931,22699462.0,10857518.0,0.0,15679342.0,11541,7624,909,2014-06-22,6,22,6,1,0,0,8,147180819,361285652,19304.9342864638,397453.9625962596,1.1773,4.535,,,,,,,,
20140623,21826221634,21967773588,232227670,229685312,80147560,149537752,373779624,47744484,326035140,31937942,294097198,2542358,21190473.0,7806701.0,1151200.0,17596110.0,11562,7589,1065,2014-06-23,0,23,6,0,0,0,7,232227670,373779624,30600.56265647648,350966.78309859155,1.1818,4.494,2.755,3.448,4.603,5.526,4.7761,4.9136,4.9777,5.0
20140624,21643200891,21826221634,245450766,242915326,78189756,164725570,428471509,80582484,347889025,41106958,306782067,2535440,33134967.0,23484154.0,7000000.0,16963363.0,11577,7606,1032,2014-06-24,1,24,6,0,0,0,6,245450766,428471509,32270.676571128057,415185.57073643414,1.1875,4.463,2.971,3.483,4.697,5.638,4.7679,4.9081,4.9747,5.0
20140625,21360568161,21643200891,264663201,262227341,79464890,182762451,547295931,79096124,468199807,60137721,408062086,2435860,32102563.0,20284275.0,6100000.0,20609286.0,11594,7663,1099,2014-06-25,2,25,6,0,0,0,5,264663201,547295931,34537.80516768889,497994.4777070064,1.1376,4.416,2.995,3.464,5.06,5.492,4.7582,4.9059,4.9722,5.0
20140626,21239454091,21360568161,297628039,295269783,93994567,201275216,418742109,66292846,352449263,41056937,311392326,2358256,24558517.0,19713935.0,7268000.0,14752394.0,11622,7646,1151,2014-06-26,3,26,6,0,0,0,4,297628039,418742109,38925.97946638765,363807.21894005215,1.1175,4.375,2.974,3.552,5.147,5.035,4.7478,4.9033,4.9677,5.0
20140627,21104292442,21239454091,264282703,261895380,122909502,138985878,399444352,44685853,354758499,49196393,305562106,2387323,22745943.0,11107307.0,1000500.0,9832103.0,11616,7665,1042,2014-06-27,4,27,6,0,0,0,3,264282703,399444352,34479.15238095238,383343.9078694818,1.1403,4.324,2.885,3.781,5.184,5.012,4.7482,4.901,4.9664,5.0
20140628,20974718367,21104292442,153826161,151482880,56997812,94485068,283400236,59857221,223543015,27109313,196433702,2343281,24745110.0,16647085.0,2000000.0,16465026.0,11630,7629,954,2014-06-28,5,28,6,1,0,0,2,153826161,283400236,20163.345261502163,297065.2368972746,1.1247,4.296,,,,,,,,
20140629,20872349108,20974718367,158801540,156485272,41574314,114910958,261170799,48105024,213065775,28779118,184286657,2316268,21547461.0,15749488.0,0.0,10808075.0,11627,7586,973,2014-06-29,6,29,6,1,0,0,1,158801540,261170799,20933.50118639599,268418.08735868445,1.1245,4.267,,,,,,,,
20140630,20749855426,20872349108,334054112,331761678,76383658,255378020,456547794,71593561,384954233,71086987,313867246,2292434,28418810.0,19913449.0,3600000.0,19661302.0,11682,7596,1190,2014-06-30,0,30,6,0,0,1,0,334054112,456547794,43977.6345444971,383653.60840336134,1.1234,4.235,2.913,3.867,5.394,5.004,4.7499,4.9007,4.9658,5.0
20140701,20760119638,20749855426,384428753,382080337,84648368,297431969,374164541,76352332,297812209,57115920,240696289,2348416,28910252.0,16925356.0,7651800.0,22864924.0,11718,7606,1217,2014-07-01,1,1,7,0,1,0,30,384428753,374164541,50542.82842492769,307448.26705012325,1.1619,4.221,3.017,4.421,4.711,5.001,4.7499,4.9004,4.9654,5.0
20140702,20815724506,20760119638,384555819,382237475,124686586,257550889,328950951,54590504,274360447,56038073,218322374,2318344,18059546.0,18143286.0,1900000.0,16487672.0,11716,7640,1106,2014-07-02,2,2,7,0,0,0,29,384555819,328950951,50334.53128272251,297424.0063291139,1.1374,4.221,3.02,3.927,4.089,4.891,4.75,4.9001,4.9672,5.0
20140703,20824609369,20815724506,297894643,295575412,117330905,178244507,289009780,72000589,217009191,34501699,182507492,2319231,22139287.0,22945630.0,10200000.0,16715672.0,11734,7629,1030,2014-07-03,3,3,7,0,0,0,28,297894643,289009780,39047.665880194,280592.01941747573,1.1345,4.23,2.96,3.393,3.5,4.132,4.75,4.9001,4.9654,5.0
20140704,20771764657,20824609369,211649838,209348291,47444497,161903794,264494550,58159245,206335305,40925658,165409647,2301547,19532073.0,24825799.0,500000.0,13301373.0,11718,7615,1056,2014-07-04,4,4,7,0,0,0,27,211649838,264494550,27793.806697307944,250468.32386363635,1.1211,4.22,2.94,3.42,3.5,4.063,4.75,4.9,4.9652,5.0
20140705,20668613315,20771764657,169383796,167078182,63429360,103648822,272535138,46886012,225649126,43470834,182178292,2305614,23365091.0,11320687.0,0.0,12200234.0,11736,7612,1003,2014-07-05,5,5,7,1,0,0,26,169383796,272535138,22252.206516027327,271719.9780658026,1.121,4.218,,,,,,,,
20140706,20672651582,20668613315,199569025,197287738,58678071,138609667,195530758,42738122,152792636,28637443,124155193,2281287,19903631.0,10583093.0,700000.0,11551398.0,11734,7576,924,2014-07-06,6,6,7,1,0,0,25,199569025,195530758,26342.268347412883,211613.37445887446,1.1209,4.216,,,,,,,,
20140707,20627221860,20672651582,272182847,269914951,66462026,203452925,317612569,63467426,254145143,59847001,194298142,2267896,29408173.0,20106871.0,941198.0,13011184.0,11770,7576,1040,2014-07-07,0,7,7,0,0,0,24,272182847,317612569,35926.98614044351,305396.7009615385,1.1216,4.215,2.952,3.421,3.446,4.047,4.7495,4.9,4.9641,5.0
20140708,20511008900,20627221860,224240103,221992553,61280454,160712099,340453063,57017247,283435816,62162605,221273211,2247550,24832472.0,12278882.0,8100000.0,11805893.0,11771,7550,1008,2014-07-08,1,8,7,0,0,0,23,224240103,340453063,29700.675894039734,337751.05456349207,1.1183,4.191,3.253,3.52,3.782,4.046,4.75,4.9,4.9607,5.0
20140709,20519371574,20511008900,278005555,275740766,100407528,175333238,269642881,44472135,225170746,49920081,175250665,2264789,14799455.0,16126216.0,1400000.0,12146464.0,11772,7616,1028,2014-07-09,2,9,7,0,0,0,22,278005555,269642881,36502.830225840335,262298.52237354085,1.1169,4.18,3.351,3.736,4.023,4.1,4.749,4.9,4.9628,5.0
20140710,20476458255,20519371574,283095921,280808940,76920429,203888511,326009240,71503879,254505361,49578125,204927236,2286981,24571089.0,24395618.0,8000000.0,14537172.0,11782,7655,1073,2014-07-10,3,10,7,0,0,0,21,283095921,326009240,36981.831613324626,303829.6738117428,1.1305,4.178,3.3,3.711,4.069,4.1545,4.7438,4.9,4.9608,5.0
20140711,20445078528,20476458255,208671021,206409952,49110187,157299765,240050748,37145193,202905555,50829376,152076179,2261069,14775279.0,8653271.0,0.0,13716643.0,11804,7632,1017,2014-07-11,4,11,7,0,0,0,20,208671021,240050748,27341.590801886792,236038.10029498526,1.12,4.177,3.285,3.723,4.153,4.163,4.7423,4.9,4.9616,5.0
20140712,20473641383,20445078528,177644343,175393033,75425505,99967528,149081488,40240325,108841163,27984837,80856326,2251310,21146747.0,10132362.0,300000.0,8661216.0,11823,7618,880,2014-07-12,5,12,7,1,0,0,19,177644343,149081488,23319.02638487792,169410.78181818183,1.113,4.173,,,,,,,,
20140713,20453941278,20473641383,179759885,177520917,66176740,111344177,199459990,37261668,162198322,30133300,132065022,2238968,15324901.0,10994549.0,0.0,10942218.0,11871,7598,921,2014-07-13,6,13,7,1,0,0,18,179759885,199459990,23658.842458541723,216568.93593919653,1.1125,4.169,,,,,,,,
20140714,20423985523,20453941278,254797524,252543988,88262667,164281321,284753279,52533556,232219723,23824522,208395201,2253536,22728966.0,16719105.0,1490000.0,11595485.0,11902,7610,992,2014-07-14,0,14,7,0,0,0,17,254797524,284753279,33481.93482260184,287049.6764112903,1.1284,4.172,3.255,3.7035,4.299,4.313,4.7461,4.9001,4.9618,5.0
20140715,20497073353,20423985523,334810012,332554408,116023440,216530968,261722182,59644641,202077541,27658319,174419222,2255604,28312129.0,14456627.0,810000.0,16065885.0,11901,7610,957,2014-07-15,1,15,7,0,0,0,16,334810012,261722182,43996.0593955322,273481.9038662487,1.1341,4.181,3.218,3.646,4.18,4.417,4.7485,4.9001,4.9618,5.0
20140716,20657187545,20497073353,394890140,392596651,170324655,222271996,234775948,59605459,175170489,31190665,143979824,2293489,24049651.0,15112325.0,500000.0,19943483.0,11916,7677,937,2014-07-16,2,16,7,0,0,0,15,394890140,234775948,51438.07997915852,250561.310565635,1.1377,4.192,3.2472,3.65,4.391,4.492,4.7487,4.9,4.9608,5.0
20140717,20611919440,20657187545,253011280,250755039,73862280,176892759,298279385,104717040,193562345,32255120,161307225,2256241,20409316.0,22169561.0,49800000.0,12338163.0,11915,7647,955,2014-07-17,3,17,7,0,0,0,14,253011280,298279385,33086.3449718844,312334.43455497385,1.1133,4.183,3.2465,3.641,4.4,4.588,4.7448,4.9,4.9616,5.0
20140718,20612207748,20611919440,208959595,206677714,62723841,143953873,208671287,60675775,147995512,20805733,127189779,2281881,30533659.0,19912408.0,202000.0,10027708.0,11924,7682,921,2014-07-18,4,18,7,0,0,0,13,208959595,208671287,27201.19695391825,226570.34419109664,1.1215,4.184,3.245,3.651,4.988,4.73,4.7467,4.9,4.9616,5.0
20140719,20667061488,20612207748,210318023,208048192,108711944,99336248,155464283,31681543,123782740,15507755,108274985,2269831,14009478.0,8324384.0,0.0,9347681.0,11940,7652,790,2014-07-19,5,19,7,1,0,0,12,210318023,155464283,27485.36630946158,196790.2316455696,1.1131,4.184,,,,,,,,
20140720,20669047956,20667061488,176449304,174193562,58331429,115862133,174462836,38768091,135694745,29227103,106467642,2255742,17115054.0,9327176.0,0.0,12325861.0,11961,7627,861,2014-07-20,6,20,7,1,0,0,11,176449304,174462836,23134.824177264978,202628.14866434378,1.1129,4.184,,,,,,,,
20140721,20612945071,20669047956,378088594,375786236,188430013,187356223,434191479,54882116,379309363,39353239,339956124,2302358,26869340.0,13077930.0,10000.0,14924846.0,11987,7641,954,2014-07-21,0,21,7,0,0,0,10,378088594,434191479,49481.55921999738,455127.3364779874,1.1428,4.192,3.318,3.694,4.991,5.03,4.7467,4.9,4.9607,5.0
20140722,20486985781,20612945071,243084133,240854173,90700778,150153395,369043423,98632913,270410510,31942129,238468381,2229960,30137941.0,13547269.0,41501000.0,13446703.0,12020,7646,998,2014-07-22,1,22,7,0,0,0,9,243084133,369043423,31792.327099136804,369782.9889779559,1.1166,4.182,3.253,3.848,5.159,5.115,4.7465,4.9,4.9605,5.0
20140723,20444094598,20486985781,265461894,263182434,114917590,148264844,308353077,56660566,251692511,45278350,206414161,2279460,31464788.0,10539421.0,1540000.0,13116357.0,12017,7720,978,2014-07-23,2,23,7,0,0,0,8,265461894,308353077,34386.255699481866,315289.4447852761,1.1266,4.176,3.295,4.202,5.15,5.271,4.7525,4.9,4.9604,5.0
20140724,20373516647,20444094598,277044480,274781793,106071922,168709871,347622431,70641581,276980850,42338290,234642560,2262687,28540166.0,17667384.0,12800000.0,11634031.0,12030,7706,966,2014-07-24,3,24,7,0,0,0,7,277044480,347622431,35951.788216973786,359857.58902691514,1.1215,4.181,3.313,4.101,5.273,5.278,4.7465,4.9,4.9604,5.0
20140725,20292282944,20373516647,181641088,179379699,63336575,116043124,262874791,70693254,192181537,35509270,156672267,2261389,22920147.0,16751760.0,16901000.0,14120347.0,12009,7729,949,2014-07-25,4,25,7,0,0,0,6,181641088,262874791,23501.24052270669,277001.8872497366,1.1244,4.182,3.348,4.081,4.821,4.95,4.7465,4.9,4.9603,5.0
20140726,20137897656,20292282944,128268053,126012255,54186270,71825985,282653341,51725809,230927532,29639068,201288464,2255798,18138384.0,18713087.0,1500000.0,13374338.0,12028,7704,840,2014-07-26,5,26,7,1,0,0,5,128268053,282653341,16649.539589823467,336492.0726190476,1.1221,4.187,,,,,,,,
20140727,20122693255,20137897656,151406251,149177264,80780644,68396620,166610652,50588888,116021764,35246941,80774823,2228987,18664858.0,20466300.0,0.0,11457730.0,12040,7681,893,2014-07-27,6,27,7,1,0,0,4,151406251,166610652,19711.788959770864,186574.078387458,1.122,4.192,,,,,,,,
20140728,20148469102,20122693255,371762756,369535407,214062345,155473062,345986909,51656382,294330527,30372288,263958239,2227349,25389413.0,11015923.0,2200000.0,13051046.0,12083,7683,1035,2014-07-28,0,28,7,0,0,0,3,371762756,345986909,48387.70740596121,334286.8685990338,1.1276,4.184,3.304,4.013,4.628,4.398,4.7465,4.9,4.9602,5.0
20140729,20073082045,20148469102,228093046,225904582,85325202,140579380,303480103,41066657,262413446,23956498,238456948,2188464,12428323.0,12717118.0,3000000.0,12921216.0,12073,7673,978,2014-07-29,1,29,7,0,0,0,2,228093046,303480103,29726.71002215561,310306.8537832311,1.1156,4.183,3.2503,3.907,4.6,4.141,4.739,4.9,4.9601,5.0
20140730,20032881601,20073082045,209917272,207702516,64808558,142893958,250117716,53868111,196249605,25897612,170351993,2214756,19730768.0,8862240.0,12100000.0,13175103.0,12089,7731,986,2014-07-30,2,30,7,0,0,0,1,209917272,250117716,27152.667442762904,253669.08316430022,1.1162,4.178,3.2502,3.914,4.525,4.144,4.7316,4.9,4.959,5.0
20140731,19947416138,20032881601,191728916,189518581,56346135,133172446,277194379,53122061,224072318,33843617,190228701,2210335,15792314.0,13775873.0,7400000.0,16153874.0,12101,7736,979,2014-07-31,3,31,7,0,0,1,0,191728916,277194379,24783.986039296793,283140.32584269665,1.1156,4.174,3.204,3.98,3.979,4.2,4.7215,4.9,4.9588,5.0
20140801,20069760015,19947416138,374884735,372678958,135715324,236963634,252540858,84227601,168313257,31013339,137299918,2205777,32731901.0,29456809.0,5100000.0,16938891.0,12111,7736,1050,2014-08-01,4,1,8,0,1,0,30,374884735,252540858,48459.76408996898,240515.10285714286,1.1173,4.171,3.196,3.907,4.047,4.21,4.7149,4.9,4.9558,5.0
20140802,20086601920,20069760015,189092130,186889349,78478704,108410645,172250225,41930977,130319248,34359098,95960150,2202781,20388807.0,7149562.0,0.0,14392608.0,12103,7704,874,2014-08-02,5,2,8,1,0,0,29,189092130,172250225,24544.669003115265,197082.63729977116,1.118,4.168,,,,,,,,
20140803,20133302100,20086601920,173825397,171634865,62120575,109514290,127125217,40828571,86296646,23794226,62502420,2190532,17238818.0,9473820.0,0.0,14115933.0,12136,7669,891,2014-08-03,6,3,8,1,0,0,28,173825397,127125217,22665.97952796975,142677.01122334457,1.1178,4.166,,,,,,,,
20140804,20141035460,20133302100,330640884,328404472,120904646,207499826,322907524,78477516,244430008,43969481,200460527,2236412,31529783.0,12074693.0,16500000.0,18373040.0,12157,7682,1051,2014-08-04,0,4,8,0,0,0,27,330640884,322907524,43040.98984639417,307238.3672692674,1.1451,4.176,3.182,3.842,4.086,4.105,4.7081,4.9,4.9551,5.0
20140805,20314109791,20141035460,394780870,392589715,164705556,227884159,221706539,74040082,147666457,35974791,111691666,2191155,26591098.0,14768284.0,16410000.0,16270700.0,12174,7666,1008,2014-08-05,1,5,8,0,0,0,26,394780870,221706539,51497.63501174015,219946.9632936508,1.1203,4.178,3.145,3.738,3.998,4.056,4.7049,4.899,4.9543,5.0
20140806,20320584213,20314109791,288821016,286598298,127641624,158956674,282346594,56127546,226219048,26815416,199403632,2222718,21291913.0,19643544.0,1700000.0,13492089.0,12189,7756,985,2014-08-06,2,6,8,0,0,0,25,288821016,282346594,37238.39814337287,286646.2883248731,1.1162,4.178,3.051,3.559,3.9799,4.104,4.6982,4.8949,4.9505,5.0
20140807,20314571173,20320584213,247646474,245405658,61837508,183568150,253659514,60050774,193608740,41675089,151933651,2240816,15410546.0,28941346.0,4300000.0,11398882.0,12204,7726,881,2014-08-07,3,7,8,0,0,0,24,247646474,253659514,32053.64664768315,287922.2633371169,1.1186,4.18,3.04,3.511,3.977,4.161,4.6941,4.8901,4.9491,5.0
20140808,20236826133,20314571173,233903717,231616935,54035416,177581519,311648757,67603275,244045482,43071065,200974417,2286782,19163226.0,18669835.0,14800000.0,14970214.0,12195,7777,910,2014-08-08,4,8,8,0,0,0,23,233903717,311648757,30076.342677124856,342471.1615384615,1.1397,4.192,3.001,3.457,3.693,4.101,4.6921,4.8912,4.9465,5.0
20140809,20233477189,20236826133,160262764,158028887,44663092,113365795,163611708,50648384,112963324,30028086,82935238,2233877,18520392.0,22698987.0,0.0,9429005.0,12225,7742,787,2014-08-09,5,9,8,1,0,0,22,160262764,163611708,20700.434513045726,207892.89453621345,1.1173,4.191,,,,,,,,
20140810,20303102834,20233477189,259534870,257313208,76427498,180885710,189909225,55462188,134447037,24599903,109847134,2221662,23077228.0,20717590.0,1000.0,11666370.0,12227,7711,845,2014-08-10,6,10,8,1,0,0,21,259534870,189909225,33657.744780184155,224744.6449704142,1.1172,4.191,,,,,,,,
20140811,20216049969,20303102834,331550471,329331370,102021228,227310142,418603336,60850688,357752648,40952695,316799953,2219101,17201769.0,23642952.0,2600000.0,17405967.0,12266,7713,989,2014-08-11,0,11,8,0,0,0,20,331550471,418603336,42985.92908077272,423259.187057634,1.1235,4.179,2.955,3.42,3.616,4.166,4.6916,4.8914,4.9467,5.0
20140812,20164788784,20216049969,258493673,256311879,101592768,154719111,309754858,48112423,261642435,46559208,215083227,2181794,15814510.0,14362076.0,1811000.0,16124837.0,12307,7721,942,2014-08-12,1,12,8,0,0,0,19,258493673,309754858,33479.29970211112,328826.81316348194,1.1146,4.176,2.916,3.39,3.586,4.154,4.6905,4.8904,4.9457,5.0
20140813,20122319886,20164788784,261506619,259291103,99082207,160208896,303975517,55277175,248698342,22934891,225763451,2215516,25161278.0,14424643.0,3000000.0,12691254.0,12314,7773,910,2014-08-13,2,13,8,0,0,0,18,261506619,303975517,33642.94596680818,334039.02967032965,1.1138,4.175,2.892,3.36,3.579,4.22,4.6882,4.8871,4.9442,5.0
20140814,20168083115,20122319886,257702660,255446130,113303891,142142239,211939431,38957777,172981654,45402310,127579344,2256530,16476951.0,10331366.0,0.0,12149460.0,12301,7791,933,2014-08-14,3,14,8,0,0,0,17,257702660,211939431,33076.96829675266,227159.09003215434,1.1367,4.185,2.888,3.353,3.598,4.233,4.6834,4.8851,4.9391,5.0
20140815,20176118728,20168083115,244551620,242336052,83330178,159005874,236516007,47779700,188736307,38085265,150651042,2215568,10680763.0,18761561.0,0.0,18337376.0,12316,7814,948,2014-08-15,4,15,8,0,0,0,16,244551620,236516007,31296.598413104683,249489.4588607595,1.1129,4.17,2.889,3.346,3.509,4.174,4.6811,4.8844,4.9387,5.0
20140816,20171964125,20176118728,215059736,212842047,55705873,157136174,219214339,41164497,178049842,38363021,139686821,2217689,17021673.0,12925634.0,5000.0,11212190.0,12346,7807,831,2014-08-16,5,16,8,1,0,0,15,215059736,219214339,27547.03932368387,263795.8351383875,1.1128,4.168,,,,,,,,
20140817,20182378312,20171964125,149978271,147777403,42442478,105334925,139564084,40085759,99478325,28147769,71330556,2200868,7738809.0,19041259.0,0.0,13305691.0,12370,7780,880,2014-08-17,6,17,8,1,0,0,14,149978271,139564084,19277.412724935733,158595.55,1.1126,4.165,,,,,,,,
20140818,20221708442,20182378312,298499146,296308680,84557465,211751215,259169016,55584679,203584337,52598310,150986027,2190466,14850247.0,15566826.0,0.0,25167606.0,12401,7770,1017,2014-08-18,0,18,8,0,0,0,13,298499146,259169016,38416.87850707851,254836.79056047197,1.1122,4.159,2.858,3.276,3.51,4.31,4.6805,4.881,4.9382,5.0
20140819,20233180538,20221708442,266401973,264196458,108645683,155550775,254929877,74648794,180281083,33028860,147252223,2205515,29600198.0,11467928.0,2040000.0,31540668.0,12411,7800,985,2014-08-19,1,19,8,0,0,0,12,266401973,254929877,34154.099102564105,258812.05786802032,1.122,4.163,2.835,3.237,3.477,4.363,4.6791,4.8801,4.9382,5.0
20140820,20339106448,20233180538,308378692,306133606,134420983,171712623,202452782,73775504,128677278,28451096,100226182,2245086,24165679.0,17235710.0,1650000.0,30724115.0,12436,7887,957,2014-08-20,2,20,8,0,0,0,11,308378692,202452782,39099.61861290732,211549.4064785789,1.124,4.169,2.833,3.246,3.462,4.286,4.6804,4.88,4.939,5.0
20140821,20370906609,20339106448,251763517,249525712,85818188,163707524,219963356,70493107,149470249,18207816,131262433,2237805,28669192.0,10979534.0,420000.0,30424381.0,12436,7904,991,2014-08-21,3,21,8,0,0,0,10,251763517,219963356,31852.67168522267,221961.00504540867,1.1168,4.158,2.848,3.312,3.98,4.238,4.6786,4.88,4.94,5.0
20140822,20437873459,20370906609,246316056,244094164,97266695,146827469,179349206,74322748,105026458,13620285,91406173,2221892,31216803.0,10023388.0,210000.0,32872557.0,12446,7892,977,2014-08-22,4,22,8,0,0,0,9,246316056,179349206,31210.853522554484,183571.3469805527,1.104,4.153,2.843,3.369,3.942,4.2039,4.6764,4.88,4.9398,5.0
20140823,20379907955,20437873459,141412027,139192764,42797254,96395510,199377531,63911142,135466389,28401389,107065000,2219263,22294743.0,13156888.0,100000.0,28359511.0,12459,7887,832,2014-08-23,5,23,8,1,0,0,8,141412027,199377531,17929.76125269431,239636.45552884616,1.0997,4.146,,,,,,,,
20140824,20319023288,20379907955,130195484,127991522,43143686,84847836,191080151,52046987,139033164,15507226,123525938,2203962,19194293.0,12132444.0,900000.0,19820250.0,12471,7864,850,2014-08-24,6,24,8,1,0,0,7,130195484,191080151,16555.88555442523,224800.17764705882,1.0993,4.139,,,,,,,,
20140825,20316184100,20319023288,309574223,307361141,92282025,215079116,312413411,96656751,215756660,27159616,188597044,2213082,35518047.0,11637924.0,1500000.0,48000780.0,12508,7879,1057,2014-08-25,0,25,8,0,0,0,6,309574223,312413411,39291.05508313238,295566.14096499525,1.1122,4.139,2.841,3.363,3.886,4.199,4.6758,4.88,4.9394,5.0
20140826,20337650626,20316184100,306945089,304747497,124460527,180286970,285478563,88192408,197286155,14814754,182471401,2197592,24879168.0,16497042.0,0.0,46816198.0,12517,7893,1001,2014-08-26,1,26,8,0,0,0,5,306945089,285478563,38888.26669200558,285193.36963036965,1.1085,4.131,2.823,3.318,3.876,4.2,4.6695,4.873,4.9363,5.0
20140827,20171681280,20337650626,302194801,299973007,102372488,197600519,468164147,107408171,360755976,20966937,339789039,2221794,34053795.0,19426628.0,6000000.0,47927748.0,12527,7940,1086,2014-08-27,2,27,8,0,0,0,4,302194801,468164147,38059.79861460957,431090.37476979743,1.1079,4.123,2.861,3.349,3.9828,4.178,4.668,4.8729,4.9365,5.0
20140828,20118870170,20171681280,245082751,242887647,56734596,186153051,297893861,98896299,198997562,15732174,183265388,2195104,25606866.0,25743565.0,4000000.0,43545868.0,12557,7955,1026,2014-08-28,3,28,8,0,0,0,3,245082751,297893861,30808.642489000627,290344.89376218326,1.1043,4.116,2.876,3.538,4.05,4.133,4.6689,4.8727,4.9373,5.0
20140829,20112668503,20118870170,267554713,265335172,87236719,178098453,273756380,103967802,169788578,27979322,141809256,2219541,31191914.0,30028785.0,40000.0,42707103.0,12596,7976,1036,2014-08-29,4,29,8,0,0,0,2,267554713,273756380,33544.974047141426,264243.61003861006,1.1169,4.123,2.908,3.672,4.199,4.114,4.6659,4.8726,4.9364,5.0
20140830,20116003141,20112668503,199708772,197483663,84798329,112685334,196374134,70813897,125560237,32453185,93107052,2225109,18388231.0,14302883.0,100000.0,38022783.0,12603,7969,902,2014-08-30,5,30,8,1,0,0,1,199708772,196374134,25060.706738612123,217709.68292682926,1.1206,4.134,,,,,,,,
20140831,20098150321,20116003141,275090213,272878511,148125324,124753187,292943033,106464912,186478121,24503950,161974171,2211702,23745525.0,31675561.0,0.0,51043826.0,12614,7935,1031,2014-08-31,6,31,8,1,0,1,0,275090213,292943033,34667.95374921235,284134.8525703201,1.1204,4.146,,,,,,,,
